-31,5,XoUeQEbweWPaz1fQWN74BraALUc=,Y8oMgmpT6u994nG5o6DrYbWxuhA=
-29,5,XoUeQEbweWPaz1fQWN74BraALUc=,Y8oMgmpT6u994nG5o6DrYbWxuhA=
-29,6,XoUeQEbweWPaz1fQWN74BraALUc=,Y8oMgmpT6u994nG5o6DrYbWxuhA=
-30,6,XoUeQEbweWPaz1fQWN74BraALUc=,Y8oMgmpT6u994nG5o6DrYbWxuhA=
-30,5,XoUeQEbweWPaz1fQWN74BraALUc=,Y8oMgmpT6u994nG5o6DrYbWxuhA=
-31,6,XoUeQEbweWPaz1fQWN74BraALUc=,Y8oMgmpT6u994nG5o6DrYbWxuhA=
-31,9,XoUeQEbweWPaz1fQWN74BraALUc=,6WlYv+omp5L54dZ2cdckwlGZojw=
-30,9,XoUeQEbweWPaz1fQWN74BraALUc=,6WlYv+omp5L54dZ2cdckwlGZojw=
-31,8,XoUeQEbweWPaz1fQWN74BraALUc=,6WlYv+omp5L54dZ2cdckwlGZojw=
-30,10,XoUeQEbweWPaz1fQWN74BraALUc=,6WlYv+omp5L54dZ2cdckwlGZojw=
-31,10,XoUeQEbweWPaz1fQWN74BraALUc=,6WlYv+omp5L54dZ2cdckwlGZojw=
-31,7,XoUeQEbweWPaz1fQWN74BraALUc=,Y8oMgmpT6u994nG5o6DrYbWxuhA=
-30,7,XoUeQEbweWPaz1fQWN74BraALUc=,Y8oMgmpT6u994nG5o6DrYbWxuhA=
-29,10,XoUeQEbweWPaz1fQWN74BraALUc=,6WlYv+omp5L54dZ2cdckwlGZojw=
-26,10,XoUeQEbweWPaz1fQWN74BraALUc=,pNqYBIM6ppyozVyWejEEYFjriI0=
-30,8,XoUeQEbweWPaz1fQWN74BraALUc=,6WlYv+omp5L54dZ2cdckwlGZojw=
-28,9,XoUeQEbweWPaz1fQWN74BraALUc=,pNqYBIM6ppyozVyWejEEYFjriI0=
-27,10,XoUeQEbweWPaz1fQWN74BraALUc=,pNqYBIM6ppyozVyWejEEYFjriI0=
-27,8,XoUeQEbweWPaz1fQWN74BraALUc=,pNqYBIM6ppyozVyWejEEYFjriI0=
-27,9,XoUeQEbweWPaz1fQWN74BraALUc=,pNqYBIM6ppyozVyWejEEYFjriI0=
-29,8,XoUeQEbweWPaz1fQWN74BraALUc=,6WlYv+omp5L54dZ2cdckwlGZojw=
-26,8,XoUeQEbweWPaz1fQWN74BraALUc=,pNqYBIM6ppyozVyWejEEYFjriI0=
-29,7,XoUeQEbweWPaz1fQWN74BraALUc=,Y8oMgmpT6u994nG5o6DrYbWxuhA=
-29,9,XoUeQEbweWPaz1fQWN74BraALUc=,6WlYv+omp5L54dZ2cdckwlGZojw=
-28,10,XoUeQEbweWPaz1fQWN74BraALUc=,pNqYBIM6ppyozVyWejEEYFjriI0=
-26,9,XoUeQEbweWPaz1fQWN74BraALUc=,pNqYBIM6ppyozVyWejEEYFjriI0=
-28,8,XoUeQEbweWPaz1fQWN74BraALUc=,pNqYBIM6ppyozVyWejEEYFjriI0=
-30,3,XoUeQEbweWPaz1fQWN74BraALUc=,UFCdtNucUI/82ldUbUBmJTI0DOg=
-31,3,XoUeQEbweWPaz1fQWN74BraALUc=,UFCdtNucUI/82ldUbUBmJTI0DOg=
-30,4,XoUeQEbweWPaz1fQWN74BraALUc=,Y8oMgmpT6u994nG5o6DrYbWxuhA=
-31,4,XoUeQEbweWPaz1fQWN74BraALUc=,Y8oMgmpT6u994nG5o6DrYbWxuhA=
-31,2,XoUeQEbweWPaz1fQWN74BraALUc=,UFCdtNucUI/82ldUbUBmJTI0DOg=
-30,2,XoUeQEbweWPaz1fQWN74BraALUc=,UFCdtNucUI/82ldUbUBmJTI0DOg=
-31,1,XoUeQEbweWPaz1fQWN74BraALUc=,UFCdtNucUI/82ldUbUBmJTI0DOg=
-30,1,XoUeQEbweWPaz1fQWN74BraALUc=,UFCdtNucUI/82ldUbUBmJTI0DOg=
-26,2,XoUeQEbweWPaz1fQWN74BraALUc=,Sw/AymHJkKtIM6BNrm0P56wmKw8=
-28,3,XoUeQEbweWPaz1fQWN74BraALUc=,Sw/AymHJkKtIM6BNrm0P56wmKw8=
-28,1,XoUeQEbweWPaz1fQWN74BraALUc=,Sw/AymHJkKtIM6BNrm0P56wmKw8=
-27,2,XoUeQEbweWPaz1fQWN74BraALUc=,Sw/AymHJkKtIM6BNrm0P56wmKw8=
-26,3,XoUeQEbweWPaz1fQWN74BraALUc=,Sw/AymHJkKtIM6BNrm0P56wmKw8=
-29,3,XoUeQEbweWPaz1fQWN74BraALUc=,UFCdtNucUI/82ldUbUBmJTI0DOg=
-27,3,XoUeQEbweWPaz1fQWN74BraALUc=,Sw/AymHJkKtIM6BNrm0P56wmKw8=
-28,2,XoUeQEbweWPaz1fQWN74BraALUc=,Sw/AymHJkKtIM6BNrm0P56wmKw8=
-29,2,XoUeQEbweWPaz1fQWN74BraALUc=,UFCdtNucUI/82ldUbUBmJTI0DOg=
-29,4,XoUeQEbweWPaz1fQWN74BraALUc=,Y8oMgmpT6u994nG5o6DrYbWxuhA=
-26,1,XoUeQEbweWPaz1fQWN74BraALUc=,Sw/AymHJkKtIM6BNrm0P56wmKw8=
-29,1,XoUeQEbweWPaz1fQWN74BraALUc=,UFCdtNucUI/82ldUbUBmJTI0DOg=
-27,1,XoUeQEbweWPaz1fQWN74BraALUc=,Sw/AymHJkKtIM6BNrm0P56wmKw8=
-24,3,XoUeQEbweWPaz1fQWN74BraALUc=,qo3wHejkXESNjSR9AJO+YvQLOy4=
-22,2,XoUeQEbweWPaz1fQWN74BraALUc=,qo3wHejkXESNjSR9AJO+YvQLOy4=
-23,3,XoUeQEbweWPaz1fQWN74BraALUc=,qo3wHejkXESNjSR9AJO+YvQLOy4=
-25,3,XoUeQEbweWPaz1fQWN74BraALUc=,Sw/AymHJkKtIM6BNrm0P56wmKw8=
-22,3,XoUeQEbweWPaz1fQWN74BraALUc=,qo3wHejkXESNjSR9AJO+YvQLOy4=
-23,2,XoUeQEbweWPaz1fQWN74BraALUc=,qo3wHejkXESNjSR9AJO+YvQLOy4=
-25,1,XoUeQEbweWPaz1fQWN74BraALUc=,Sw/AymHJkKtIM6BNrm0P56wmKw8=
-25,2,XoUeQEbweWPaz1fQWN74BraALUc=,Sw/AymHJkKtIM6BNrm0P56wmKw8=
-24,1,XoUeQEbweWPaz1fQWN74BraALUc=,qo3wHejkXESNjSR9AJO+YvQLOy4=
-24,2,XoUeQEbweWPaz1fQWN74BraALUc=,qo3wHejkXESNjSR9AJO+YvQLOy4=
-23,1,XoUeQEbweWPaz1fQWN74BraALUc=,qo3wHejkXESNjSR9AJO+YvQLOy4=
-22,1,XoUeQEbweWPaz1fQWN74BraALUc=,qo3wHejkXESNjSR9AJO+YvQLOy4=
-22,8,XoUeQEbweWPaz1fQWN74BraALUc=,FQvGeoWjxlRS12l7+6eBMhNgm3I=
-24,9,XoUeQEbweWPaz1fQWN74BraALUc=,FQvGeoWjxlRS12l7+6eBMhNgm3I=
-23,10,XoUeQEbweWPaz1fQWN74BraALUc=,FQvGeoWjxlRS12l7+6eBMhNgm3I=
-25,9,XoUeQEbweWPaz1fQWN74BraALUc=,pNqYBIM6ppyozVyWejEEYFjriI0=
-25,10,XoUeQEbweWPaz1fQWN74BraALUc=,pNqYBIM6ppyozVyWejEEYFjriI0=
-23,11,XoUeQEbweWPaz1fQWN74BraALUc=,FQvGeoWjxlRS12l7+6eBMhNgm3I=
-22,10,XoUeQEbweWPaz1fQWN74BraALUc=,FQvGeoWjxlRS12l7+6eBMhNgm3I=
-22,11,XoUeQEbweWPaz1fQWN74BraALUc=,FQvGeoWjxlRS12l7+6eBMhNgm3I=
-24,10,XoUeQEbweWPaz1fQWN74BraALUc=,FQvGeoWjxlRS12l7+6eBMhNgm3I=
-23,0,XoUeQEbweWPaz1fQWN74BraALUc=,qo3wHejkXESNjSR9AJO+YvQLOy4=
-24,8,XoUeQEbweWPaz1fQWN74BraALUc=,FQvGeoWjxlRS12l7+6eBMhNgm3I=
-22,0,XoUeQEbweWPaz1fQWN74BraALUc=,qo3wHejkXESNjSR9AJO+YvQLOy4=
-23,9,XoUeQEbweWPaz1fQWN74BraALUc=,FQvGeoWjxlRS12l7+6eBMhNgm3I=
-22,9,XoUeQEbweWPaz1fQWN74BraALUc=,FQvGeoWjxlRS12l7+6eBMhNgm3I=
-25,8,XoUeQEbweWPaz1fQWN74BraALUc=,pNqYBIM6ppyozVyWejEEYFjriI0=
-23,8,XoUeQEbweWPaz1fQWN74BraALUc=,FQvGeoWjxlRS12l7+6eBMhNgm3I=
-24,0,XoUeQEbweWPaz1fQWN74BraALUc=,qo3wHejkXESNjSR9AJO+YvQLOy4=
-24,11,XoUeQEbweWPaz1fQWN74BraALUc=,FQvGeoWjxlRS12l7+6eBMhNgm3I=
-26,0,XoUeQEbweWPaz1fQWN74BraALUc=,Sw/AymHJkKtIM6BNrm0P56wmKw8=
-27,11,XoUeQEbweWPaz1fQWN74BraALUc=,pNqYBIM6ppyozVyWejEEYFjriI0=
-27,0,XoUeQEbweWPaz1fQWN74BraALUc=,Sw/AymHJkKtIM6BNrm0P56wmKw8=
-26,11,XoUeQEbweWPaz1fQWN74BraALUc=,pNqYBIM6ppyozVyWejEEYFjriI0=
-25,11,XoUeQEbweWPaz1fQWN74BraALUc=,pNqYBIM6ppyozVyWejEEYFjriI0=
-28,11,XoUeQEbweWPaz1fQWN74BraALUc=,pNqYBIM6ppyozVyWejEEYFjriI0=
-29,11,XoUeQEbweWPaz1fQWN74BraALUc=,6WlYv+omp5L54dZ2cdckwlGZojw=
-30,11,XoUeQEbweWPaz1fQWN74BraALUc=,6WlYv+omp5L54dZ2cdckwlGZojw=
-31,0,XoUeQEbweWPaz1fQWN74BraALUc=,UFCdtNucUI/82ldUbUBmJTI0DOg=
-31,11,XoUeQEbweWPaz1fQWN74BraALUc=,6WlYv+omp5L54dZ2cdckwlGZojw=
-30,0,XoUeQEbweWPaz1fQWN74BraALUc=,UFCdtNucUI/82ldUbUBmJTI0DOg=
-28,0,XoUeQEbweWPaz1fQWN74BraALUc=,Sw/AymHJkKtIM6BNrm0P56wmKw8=
-29,0,XoUeQEbweWPaz1fQWN74BraALUc=,UFCdtNucUI/82ldUbUBmJTI0DOg=
-32,2,XoUeQEbweWPaz1fQWN74BraALUc=,UFCdtNucUI/82ldUbUBmJTI0DOg=
-25,0,XoUeQEbweWPaz1fQWN74BraALUc=,Sw/AymHJkKtIM6BNrm0P56wmKw8=
-21,8,XoUeQEbweWPaz1fQWN74BraALUc=,FQvGeoWjxlRS12l7+6eBMhNgm3I=
-32,0,XoUeQEbweWPaz1fQWN74BraALUc=,UFCdtNucUI/82ldUbUBmJTI0DOg=
-20,11,XoUeQEbweWPaz1fQWN74BraALUc=,Bjbz39PL2KhLe+4OYl5AtLJqa1U=
-32,1,XoUeQEbweWPaz1fQWN74BraALUc=,UFCdtNucUI/82ldUbUBmJTI0DOg=
-18,10,XoUeQEbweWPaz1fQWN74BraALUc=,Bjbz39PL2KhLe+4OYl5AtLJqa1U=
-20,8,XoUeQEbweWPaz1fQWN74BraALUc=,Bjbz39PL2KhLe+4OYl5AtLJqa1U=
-19,10,XoUeQEbweWPaz1fQWN74BraALUc=,Bjbz39PL2KhLe+4OYl5AtLJqa1U=
-19,11,XoUeQEbweWPaz1fQWN74BraALUc=,Bjbz39PL2KhLe+4OYl5AtLJqa1U=
-17,10,XoUeQEbweWPaz1fQWN74BraALUc=,Bjbz39PL2KhLe+4OYl5AtLJqa1U=
-18,9,XoUeQEbweWPaz1fQWN74BraALUc=,Bjbz39PL2KhLe+4OYl5AtLJqa1U=
-19,9,XoUeQEbweWPaz1fQWN74BraALUc=,Bjbz39PL2KhLe+4OYl5AtLJqa1U=
-20,9,XoUeQEbweWPaz1fQWN74BraALUc=,Bjbz39PL2KhLe+4OYl5AtLJqa1U=
-21,10,XoUeQEbweWPaz1fQWN74BraALUc=,FQvGeoWjxlRS12l7+6eBMhNgm3I=
-17,8,XoUeQEbweWPaz1fQWN74BraALUc=,Bjbz39PL2KhLe+4OYl5AtLJqa1U=
-32,10,XoUeQEbweWPaz1fQWN74BraALUc=,6WlYv+omp5L54dZ2cdckwlGZojw=
-32,9,XoUeQEbweWPaz1fQWN74BraALUc=,6WlYv+omp5L54dZ2cdckwlGZojw=
-18,11,XoUeQEbweWPaz1fQWN74BraALUc=,Bjbz39PL2KhLe+4OYl5AtLJqa1U=
-18,8,XoUeQEbweWPaz1fQWN74BraALUc=,Bjbz39PL2KhLe+4OYl5AtLJqa1U=
-21,9,XoUeQEbweWPaz1fQWN74BraALUc=,FQvGeoWjxlRS12l7+6eBMhNgm3I=
-21,11,XoUeQEbweWPaz1fQWN74BraALUc=,FQvGeoWjxlRS12l7+6eBMhNgm3I=
-21,3,XoUeQEbweWPaz1fQWN74BraALUc=,qo3wHejkXESNjSR9AJO+YvQLOy4=
-21,2,XoUeQEbweWPaz1fQWN74BraALUc=,qo3wHejkXESNjSR9AJO+YvQLOy4=
-32,4,XoUeQEbweWPaz1fQWN74BraALUc=,Y8oMgmpT6u994nG5o6DrYbWxuhA=
-20,10,XoUeQEbweWPaz1fQWN74BraALUc=,Bjbz39PL2KhLe+4OYl5AtLJqa1U=
-19,8,XoUeQEbweWPaz1fQWN74BraALUc=,Bjbz39PL2KhLe+4OYl5AtLJqa1U=
-32,11,XoUeQEbweWPaz1fQWN74BraALUc=,6WlYv+omp5L54dZ2cdckwlGZojw=
-32,6,XoUeQEbweWPaz1fQWN74BraALUc=,Y8oMgmpT6u994nG5o6DrYbWxuhA=
-18,3,XoUeQEbweWPaz1fQWN74BraALUc=,xmaqz8KwOA+QZ871UB9DcAQvyoE=
-17,3,XoUeQEbweWPaz1fQWN74BraALUc=,xmaqz8KwOA+QZ871UB9DcAQvyoE=
-32,3,XoUeQEbweWPaz1fQWN74BraALUc=,UFCdtNucUI/82ldUbUBmJTI0DOg=
-19,3,XoUeQEbweWPaz1fQWN74BraALUc=,xmaqz8KwOA+QZ871UB9DcAQvyoE=
-17,0,XoUeQEbweWPaz1fQWN74BraALUc=,xmaqz8KwOA+QZ871UB9DcAQvyoE=
-20,1,XoUeQEbweWPaz1fQWN74BraALUc=,xmaqz8KwOA+QZ871UB9DcAQvyoE=
-20,3,XoUeQEbweWPaz1fQWN74BraALUc=,xmaqz8KwOA+QZ871UB9DcAQvyoE=
-19,1,XoUeQEbweWPaz1fQWN74BraALUc=,xmaqz8KwOA+QZ871UB9DcAQvyoE=
-18,0,XoUeQEbweWPaz1fQWN74BraALUc=,xmaqz8KwOA+QZ871UB9DcAQvyoE=
-18,2,XoUeQEbweWPaz1fQWN74BraALUc=,xmaqz8KwOA+QZ871UB9DcAQvyoE=
-32,7,XoUeQEbweWPaz1fQWN74BraALUc=,Y8oMgmpT6u994nG5o6DrYbWxuhA=
-19,0,XoUeQEbweWPaz1fQWN74BraALUc=,xmaqz8KwOA+QZ871UB9DcAQvyoE=
-18,1,XoUeQEbweWPaz1fQWN74BraALUc=,xmaqz8KwOA+QZ871UB9DcAQvyoE=
-17,1,XoUeQEbweWPaz1fQWN74BraALUc=,xmaqz8KwOA+QZ871UB9DcAQvyoE=
-20,0,XoUeQEbweWPaz1fQWN74BraALUc=,xmaqz8KwOA+QZ871UB9DcAQvyoE=
-17,2,XoUeQEbweWPaz1fQWN74BraALUc=,xmaqz8KwOA+QZ871UB9DcAQvyoE=
-21,0,XoUeQEbweWPaz1fQWN74BraALUc=,qo3wHejkXESNjSR9AJO+YvQLOy4=
-17,9,XoUeQEbweWPaz1fQWN74BraALUc=,Bjbz39PL2KhLe+4OYl5AtLJqa1U=
-20,2,XoUeQEbweWPaz1fQWN74BraALUc=,xmaqz8KwOA+QZ871UB9DcAQvyoE=
-32,8,XoUeQEbweWPaz1fQWN74BraALUc=,6WlYv+omp5L54dZ2cdckwlGZojw=
-17,11,XoUeQEbweWPaz1fQWN74BraALUc=,Bjbz39PL2KhLe+4OYl5AtLJqa1U=
-19,2,XoUeQEbweWPaz1fQWN74BraALUc=,xmaqz8KwOA+QZ871UB9DcAQvyoE=
-21,1,XoUeQEbweWPaz1fQWN74BraALUc=,qo3wHejkXESNjSR9AJO+YvQLOy4=
-32,5,XoUeQEbweWPaz1fQWN74BraALUc=,Y8oMgmpT6u994nG5o6DrYbWxuhA=
-10,18,NQV6bnNIinDmyPSFAK7O+lIpEYo=,bulRXnNCQkE4rAKeuwkvGVjtxIo=
-11,18,NQV6bnNIinDmyPSFAK7O+lIpEYo=,bulRXnNCQkE4rAKeuwkvGVjtxIo=
-11,17,NQV6bnNIinDmyPSFAK7O+lIpEYo=,bulRXnNCQkE4rAKeuwkvGVjtxIo=
-10,17,NQV6bnNIinDmyPSFAK7O+lIpEYo=,bulRXnNCQkE4rAKeuwkvGVjtxIo=
-2,22,NQV6bnNIinDmyPSFAK7O+lIpEYo=,N82wgFMLUfVGkdjWViGHasRIoZE=
-3,22,NQV6bnNIinDmyPSFAK7O+lIpEYo=,N82wgFMLUfVGkdjWViGHasRIoZE=
-4,22,NQV6bnNIinDmyPSFAK7O+lIpEYo=,N82wgFMLUfVGkdjWViGHasRIoZE=
-2,21,NQV6bnNIinDmyPSFAK7O+lIpEYo=,N82wgFMLUfVGkdjWViGHasRIoZE=
-3,21,NQV6bnNIinDmyPSFAK7O+lIpEYo=,N82wgFMLUfVGkdjWViGHasRIoZE=
-4,21,NQV6bnNIinDmyPSFAK7O+lIpEYo=,N82wgFMLUfVGkdjWViGHasRIoZE=
-11,19,NQV6bnNIinDmyPSFAK7O+lIpEYo=,bulRXnNCQkE4rAKeuwkvGVjtxIo=
-10,19,NQV6bnNIinDmyPSFAK7O+lIpEYo=,bulRXnNCQkE4rAKeuwkvGVjtxIo=
-14,19,NQV6bnNIinDmyPSFAK7O+lIpEYo=,4EOqHBoh0bPA+dDl4dM6J3nU9rw=
-14,18,NQV6bnNIinDmyPSFAK7O+lIpEYo=,4EOqHBoh0bPA+dDl4dM6J3nU9rw=
-15,16,NQV6bnNIinDmyPSFAK7O+lIpEYo=,4EOqHBoh0bPA+dDl4dM6J3nU9rw=
-13,18,NQV6bnNIinDmyPSFAK7O+lIpEYo=,4EOqHBoh0bPA+dDl4dM6J3nU9rw=
-3,20,NQV6bnNIinDmyPSFAK7O+lIpEYo=,N82wgFMLUfVGkdjWViGHasRIoZE=
-1,18,NQV6bnNIinDmyPSFAK7O+lIpEYo=,CieroRyrbR6ITxb0YavcXPYsTrw=
-10,16,NQV6bnNIinDmyPSFAK7O+lIpEYo=,bulRXnNCQkE4rAKeuwkvGVjtxIo=
-2,18,NQV6bnNIinDmyPSFAK7O+lIpEYo=,CieroRyrbR6ITxb0YavcXPYsTrw=
-13,17,NQV6bnNIinDmyPSFAK7O+lIpEYo=,4EOqHBoh0bPA+dDl4dM6J3nU9rw=
-15,17,NQV6bnNIinDmyPSFAK7O+lIpEYo=,4EOqHBoh0bPA+dDl4dM6J3nU9rw=
-3,18,NQV6bnNIinDmyPSFAK7O+lIpEYo=,CieroRyrbR6ITxb0YavcXPYsTrw=
-3,19,NQV6bnNIinDmyPSFAK7O+lIpEYo=,CieroRyrbR6ITxb0YavcXPYsTrw=
-3,16,NQV6bnNIinDmyPSFAK7O+lIpEYo=,CieroRyrbR6ITxb0YavcXPYsTrw=
-13,16,NQV6bnNIinDmyPSFAK7O+lIpEYo=,4EOqHBoh0bPA+dDl4dM6J3nU9rw=
-3,17,NQV6bnNIinDmyPSFAK7O+lIpEYo=,CieroRyrbR6ITxb0YavcXPYsTrw=
-12,16,NQV6bnNIinDmyPSFAK7O+lIpEYo=,bulRXnNCQkE4rAKeuwkvGVjtxIo=
-1,17,NQV6bnNIinDmyPSFAK7O+lIpEYo=,CieroRyrbR6ITxb0YavcXPYsTrw=
-9,19,NQV6bnNIinDmyPSFAK7O+lIpEYo=,bulRXnNCQkE4rAKeuwkvGVjtxIo=
-16,18,NQV6bnNIinDmyPSFAK7O+lIpEYo=,4EOqHBoh0bPA+dDl4dM6J3nU9rw=
-5,16,NQV6bnNIinDmyPSFAK7O+lIpEYo=,N+lm4nuRL8aPsrDEoDcKodkxNLs=
-4,19,NQV6bnNIinDmyPSFAK7O+lIpEYo=,CieroRyrbR6ITxb0YavcXPYsTrw=
-16,17,NQV6bnNIinDmyPSFAK7O+lIpEYo=,4EOqHBoh0bPA+dDl4dM6J3nU9rw=
-2,19,NQV6bnNIinDmyPSFAK7O+lIpEYo=,CieroRyrbR6ITxb0YavcXPYsTrw=
-11,16,NQV6bnNIinDmyPSFAK7O+lIpEYo=,bulRXnNCQkE4rAKeuwkvGVjtxIo=
-2,17,NQV6bnNIinDmyPSFAK7O+lIpEYo=,CieroRyrbR6ITxb0YavcXPYsTrw=
-2,16,NQV6bnNIinDmyPSFAK7O+lIpEYo=,CieroRyrbR6ITxb0YavcXPYsTrw=
-5,17,NQV6bnNIinDmyPSFAK7O+lIpEYo=,N+lm4nuRL8aPsrDEoDcKodkxNLs=
-3,23,NQV6bnNIinDmyPSFAK7O+lIpEYo=,N82wgFMLUfVGkdjWViGHasRIoZE=
-12,18,NQV6bnNIinDmyPSFAK7O+lIpEYo=,bulRXnNCQkE4rAKeuwkvGVjtxIo=
-14,16,NQV6bnNIinDmyPSFAK7O+lIpEYo=,4EOqHBoh0bPA+dDl4dM6J3nU9rw=
-2,20,NQV6bnNIinDmyPSFAK7O+lIpEYo=,N82wgFMLUfVGkdjWViGHasRIoZE=
-2,23,NQV6bnNIinDmyPSFAK7O+lIpEYo=,N82wgFMLUfVGkdjWViGHasRIoZE=
-15,18,NQV6bnNIinDmyPSFAK7O+lIpEYo=,4EOqHBoh0bPA+dDl4dM6J3nU9rw=
-4,18,NQV6bnNIinDmyPSFAK7O+lIpEYo=,CieroRyrbR6ITxb0YavcXPYsTrw=
-4,20,NQV6bnNIinDmyPSFAK7O+lIpEYo=,N82wgFMLUfVGkdjWViGHasRIoZE=
-13,19,NQV6bnNIinDmyPSFAK7O+lIpEYo=,4EOqHBoh0bPA+dDl4dM6J3nU9rw=
-12,17,NQV6bnNIinDmyPSFAK7O+lIpEYo=,bulRXnNCQkE4rAKeuwkvGVjtxIo=
-12,19,NQV6bnNIinDmyPSFAK7O+lIpEYo=,bulRXnNCQkE4rAKeuwkvGVjtxIo=
-16,16,NQV6bnNIinDmyPSFAK7O+lIpEYo=,4EOqHBoh0bPA+dDl4dM6J3nU9rw=
-14,17,NQV6bnNIinDmyPSFAK7O+lIpEYo=,4EOqHBoh0bPA+dDl4dM6J3nU9rw=
-5,19,NQV6bnNIinDmyPSFAK7O+lIpEYo=,N+lm4nuRL8aPsrDEoDcKodkxNLs=
-15,19,NQV6bnNIinDmyPSFAK7O+lIpEYo=,4EOqHBoh0bPA+dDl4dM6J3nU9rw=
-9,17,NQV6bnNIinDmyPSFAK7O+lIpEYo=,bulRXnNCQkE4rAKeuwkvGVjtxIo=
-4,23,NQV6bnNIinDmyPSFAK7O+lIpEYo=,N82wgFMLUfVGkdjWViGHasRIoZE=
-6,16,NQV6bnNIinDmyPSFAK7O+lIpEYo=,N+lm4nuRL8aPsrDEoDcKodkxNLs=
-6,19,NQV6bnNIinDmyPSFAK7O+lIpEYo=,N+lm4nuRL8aPsrDEoDcKodkxNLs=
-8,16,NQV6bnNIinDmyPSFAK7O+lIpEYo=,N+lm4nuRL8aPsrDEoDcKodkxNLs=
-7,19,NQV6bnNIinDmyPSFAK7O+lIpEYo=,N+lm4nuRL8aPsrDEoDcKodkxNLs=
-4,16,NQV6bnNIinDmyPSFAK7O+lIpEYo=,CieroRyrbR6ITxb0YavcXPYsTrw=
-8,18,NQV6bnNIinDmyPSFAK7O+lIpEYo=,N+lm4nuRL8aPsrDEoDcKodkxNLs=
-1,16,NQV6bnNIinDmyPSFAK7O+lIpEYo=,CieroRyrbR6ITxb0YavcXPYsTrw=
-9,18,NQV6bnNIinDmyPSFAK7O+lIpEYo=,bulRXnNCQkE4rAKeuwkvGVjtxIo=
-5,18,NQV6bnNIinDmyPSFAK7O+lIpEYo=,N+lm4nuRL8aPsrDEoDcKodkxNLs=
-6,17,NQV6bnNIinDmyPSFAK7O+lIpEYo=,N+lm4nuRL8aPsrDEoDcKodkxNLs=
-1,22,NQV6bnNIinDmyPSFAK7O+lIpEYo=,N82wgFMLUfVGkdjWViGHasRIoZE=
-7,17,NQV6bnNIinDmyPSFAK7O+lIpEYo=,N+lm4nuRL8aPsrDEoDcKodkxNLs=
-8,19,NQV6bnNIinDmyPSFAK7O+lIpEYo=,N+lm4nuRL8aPsrDEoDcKodkxNLs=
-16,19,NQV6bnNIinDmyPSFAK7O+lIpEYo=,4EOqHBoh0bPA+dDl4dM6J3nU9rw=
-1,23,NQV6bnNIinDmyPSFAK7O+lIpEYo=,N82wgFMLUfVGkdjWViGHasRIoZE=
-8,17,NQV6bnNIinDmyPSFAK7O+lIpEYo=,N+lm4nuRL8aPsrDEoDcKodkxNLs=
-6,18,NQV6bnNIinDmyPSFAK7O+lIpEYo=,N+lm4nuRL8aPsrDEoDcKodkxNLs=
-7,16,NQV6bnNIinDmyPSFAK7O+lIpEYo=,N+lm4nuRL8aPsrDEoDcKodkxNLs=
-9,16,NQV6bnNIinDmyPSFAK7O+lIpEYo=,bulRXnNCQkE4rAKeuwkvGVjtxIo=
-1,20,NQV6bnNIinDmyPSFAK7O+lIpEYo=,N82wgFMLUfVGkdjWViGHasRIoZE=
-1,21,NQV6bnNIinDmyPSFAK7O+lIpEYo=,N82wgFMLUfVGkdjWViGHasRIoZE=
-7,18,NQV6bnNIinDmyPSFAK7O+lIpEYo=,N+lm4nuRL8aPsrDEoDcKodkxNLs=
-1,19,NQV6bnNIinDmyPSFAK7O+lIpEYo=,CieroRyrbR6ITxb0YavcXPYsTrw=
-4,17,NQV6bnNIinDmyPSFAK7O+lIpEYo=,CieroRyrbR6ITxb0YavcXPYsTrw=
-15,10,NQV6bnNIinDmyPSFAK7O+lIpEYo=,4nOa0rx/1hhLzvv5BbyedMZlhXI=
-15,9,NQV6bnNIinDmyPSFAK7O+lIpEYo=,4nOa0rx/1hhLzvv5BbyedMZlhXI=
-14,9,NQV6bnNIinDmyPSFAK7O+lIpEYo=,4nOa0rx/1hhLzvv5BbyedMZlhXI=
-14,10,NQV6bnNIinDmyPSFAK7O+lIpEYo=,4nOa0rx/1hhLzvv5BbyedMZlhXI=
-3,9,NQV6bnNIinDmyPSFAK7O+lIpEYo=,jxWHk976ktI4ZmysLS7cLxYVCKw=
-3,10,NQV6bnNIinDmyPSFAK7O+lIpEYo=,jxWHk976ktI4ZmysLS7cLxYVCKw=
-2,10,NQV6bnNIinDmyPSFAK7O+lIpEYo=,jxWHk976ktI4ZmysLS7cLxYVCKw=
-2,9,NQV6bnNIinDmyPSFAK7O+lIpEYo=,jxWHk976ktI4ZmysLS7cLxYVCKw=
-10,5,NQV6bnNIinDmyPSFAK7O+lIpEYo=,3aT7uzqcynelreQnycOwYl92PF0=
-10,6,NQV6bnNIinDmyPSFAK7O+lIpEYo=,3aT7uzqcynelreQnycOwYl92PF0=
-11,6,NQV6bnNIinDmyPSFAK7O+lIpEYo=,3aT7uzqcynelreQnycOwYl92PF0=
-11,5,NQV6bnNIinDmyPSFAK7O+lIpEYo=,3aT7uzqcynelreQnycOwYl92PF0=
-4,9,NQV6bnNIinDmyPSFAK7O+lIpEYo=,jxWHk976ktI4ZmysLS7cLxYVCKw=
-6,10,NQV6bnNIinDmyPSFAK7O+lIpEYo=,XL4Yac74MZC+k6b/NiUsb7AT8FY=
-6,9,NQV6bnNIinDmyPSFAK7O+lIpEYo=,XL4Yac74MZC+k6b/NiUsb7AT8FY=
-4,10,NQV6bnNIinDmyPSFAK7O+lIpEYo=,jxWHk976ktI4ZmysLS7cLxYVCKw=
-7,10,NQV6bnNIinDmyPSFAK7O+lIpEYo=,XL4Yac74MZC+k6b/NiUsb7AT8FY=
-7,9,NQV6bnNIinDmyPSFAK7O+lIpEYo=,XL4Yac74MZC+k6b/NiUsb7AT8FY=
-5,9,NQV6bnNIinDmyPSFAK7O+lIpEYo=,XL4Yac74MZC+k6b/NiUsb7AT8FY=
-5,10,NQV6bnNIinDmyPSFAK7O+lIpEYo=,XL4Yac74MZC+k6b/NiUsb7AT8FY=
-12,9,NQV6bnNIinDmyPSFAK7O+lIpEYo=,FTYG+A1kF3wIj4ZqyiPdhh+5qX8=
-13,9,NQV6bnNIinDmyPSFAK7O+lIpEYo=,4nOa0rx/1hhLzvv5BbyedMZlhXI=
-10,8,NQV6bnNIinDmyPSFAK7O+lIpEYo=,FTYG+A1kF3wIj4ZqyiPdhh+5qX8=
-13,10,NQV6bnNIinDmyPSFAK7O+lIpEYo=,4nOa0rx/1hhLzvv5BbyedMZlhXI=
-10,7,NQV6bnNIinDmyPSFAK7O+lIpEYo=,3aT7uzqcynelreQnycOwYl92PF0=
-11,8,NQV6bnNIinDmyPSFAK7O+lIpEYo=,FTYG+A1kF3wIj4ZqyiPdhh+5qX8=
-9,10,NQV6bnNIinDmyPSFAK7O+lIpEYo=,FTYG+A1kF3wIj4ZqyiPdhh+5qX8=
-11,7,NQV6bnNIinDmyPSFAK7O+lIpEYo=,3aT7uzqcynelreQnycOwYl92PF0=
-10,10,NQV6bnNIinDmyPSFAK7O+lIpEYo=,FTYG+A1kF3wIj4ZqyiPdhh+5qX8=
-10,9,NQV6bnNIinDmyPSFAK7O+lIpEYo=,FTYG+A1kF3wIj4ZqyiPdhh+5qX8=
-11,10,NQV6bnNIinDmyPSFAK7O+lIpEYo=,FTYG+A1kF3wIj4ZqyiPdhh+5qX8=
-12,10,NQV6bnNIinDmyPSFAK7O+lIpEYo=,FTYG+A1kF3wIj4ZqyiPdhh+5qX8=
-8,9,NQV6bnNIinDmyPSFAK7O+lIpEYo=,XL4Yac74MZC+k6b/NiUsb7AT8FY=
-8,10,NQV6bnNIinDmyPSFAK7O+lIpEYo=,XL4Yac74MZC+k6b/NiUsb7AT8FY=
-11,9,NQV6bnNIinDmyPSFAK7O+lIpEYo=,FTYG+A1kF3wIj4ZqyiPdhh+5qX8=
-9,9,NQV6bnNIinDmyPSFAK7O+lIpEYo=,FTYG+A1kF3wIj4ZqyiPdhh+5qX8=
-9,6,NQV6bnNIinDmyPSFAK7O+lIpEYo=,3aT7uzqcynelreQnycOwYl92PF0=
-8,7,NQV6bnNIinDmyPSFAK7O+lIpEYo=,VyanrtQvMGpst1HS41YOOl2nOmE=
-7,8,NQV6bnNIinDmyPSFAK7O+lIpEYo=,XL4Yac74MZC+k6b/NiUsb7AT8FY=
-8,8,NQV6bnNIinDmyPSFAK7O+lIpEYo=,XL4Yac74MZC+k6b/NiUsb7AT8FY=
-8,6,NQV6bnNIinDmyPSFAK7O+lIpEYo=,VyanrtQvMGpst1HS41YOOl2nOmE=
-9,5,NQV6bnNIinDmyPSFAK7O+lIpEYo=,3aT7uzqcynelreQnycOwYl92PF0=
-9,7,NQV6bnNIinDmyPSFAK7O+lIpEYo=,3aT7uzqcynelreQnycOwYl92PF0=
-6,5,NQV6bnNIinDmyPSFAK7O+lIpEYo=,VyanrtQvMGpst1HS41YOOl2nOmE=
-7,7,NQV6bnNIinDmyPSFAK7O+lIpEYo=,VyanrtQvMGpst1HS41YOOl2nOmE=
-6,8,NQV6bnNIinDmyPSFAK7O+lIpEYo=,XL4Yac74MZC+k6b/NiUsb7AT8FY=
-6,6,NQV6bnNIinDmyPSFAK7O+lIpEYo=,VyanrtQvMGpst1HS41YOOl2nOmE=
-9,8,NQV6bnNIinDmyPSFAK7O+lIpEYo=,FTYG+A1kF3wIj4ZqyiPdhh+5qX8=
-7,6,NQV6bnNIinDmyPSFAK7O+lIpEYo=,VyanrtQvMGpst1HS41YOOl2nOmE=
-6,7,NQV6bnNIinDmyPSFAK7O+lIpEYo=,VyanrtQvMGpst1HS41YOOl2nOmE=
-7,5,NQV6bnNIinDmyPSFAK7O+lIpEYo=,VyanrtQvMGpst1HS41YOOl2nOmE=
-8,5,NQV6bnNIinDmyPSFAK7O+lIpEYo=,VyanrtQvMGpst1HS41YOOl2nOmE=
-6,3,qYM7qmTDO7AdBaXObjD5RlS3nSs=,jvZu5hcgYzkT4vwFVeE2uKeeg3c=
-7,4,NQV6bnNIinDmyPSFAK7O+lIpEYo=,VyanrtQvMGpst1HS41YOOl2nOmE=
-6,2,qYM7qmTDO7AdBaXObjD5RlS3nSs=,jvZu5hcgYzkT4vwFVeE2uKeeg3c=
-6,1,qYM7qmTDO7AdBaXObjD5RlS3nSs=,jvZu5hcgYzkT4vwFVeE2uKeeg3c=
-6,4,NQV6bnNIinDmyPSFAK7O+lIpEYo=,VyanrtQvMGpst1HS41YOOl2nOmE=
-7,1,qYM7qmTDO7AdBaXObjD5RlS3nSs=,jvZu5hcgYzkT4vwFVeE2uKeeg3c=
-7,3,qYM7qmTDO7AdBaXObjD5RlS3nSs=,jvZu5hcgYzkT4vwFVeE2uKeeg3c=
-3,8,NQV6bnNIinDmyPSFAK7O+lIpEYo=,jxWHk976ktI4ZmysLS7cLxYVCKw=
-5,8,NQV6bnNIinDmyPSFAK7O+lIpEYo=,XL4Yac74MZC+k6b/NiUsb7AT8FY=
-7,2,qYM7qmTDO7AdBaXObjD5RlS3nSs=,jvZu5hcgYzkT4vwFVeE2uKeeg3c=
-4,5,ykhbDfkfuQO6CPKf/vSHPlXdClo=,GDH3KPnJG34p/owP0ifh6XYb0Nc=
-5,6,NQV6bnNIinDmyPSFAK7O+lIpEYo=,VyanrtQvMGpst1HS41YOOl2nOmE=
-2,8,NQV6bnNIinDmyPSFAK7O+lIpEYo=,jxWHk976ktI4ZmysLS7cLxYVCKw=
-4,8,NQV6bnNIinDmyPSFAK7O+lIpEYo=,jxWHk976ktI4ZmysLS7cLxYVCKw=
-5,5,NQV6bnNIinDmyPSFAK7O+lIpEYo=,VyanrtQvMGpst1HS41YOOl2nOmE=
-5,7,NQV6bnNIinDmyPSFAK7O+lIpEYo=,VyanrtQvMGpst1HS41YOOl2nOmE=
-3,5,ykhbDfkfuQO6CPKf/vSHPlXdClo=,GDH3KPnJG34p/owP0ifh6XYb0Nc=
-4,7,ykhbDfkfuQO6CPKf/vSHPlXdClo=,GDH3KPnJG34p/owP0ifh6XYb0Nc=
-3,7,ykhbDfkfuQO6CPKf/vSHPlXdClo=,GDH3KPnJG34p/owP0ifh6XYb0Nc=
-2,7,ykhbDfkfuQO6CPKf/vSHPlXdClo=,GDH3KPnJG34p/owP0ifh6XYb0Nc=
-2,5,ykhbDfkfuQO6CPKf/vSHPlXdClo=,GDH3KPnJG34p/owP0ifh6XYb0Nc=
-4,6,ykhbDfkfuQO6CPKf/vSHPlXdClo=,GDH3KPnJG34p/owP0ifh6XYb0Nc=
-2,6,ykhbDfkfuQO6CPKf/vSHPlXdClo=,GDH3KPnJG34p/owP0ifh6XYb0Nc=
-3,6,ykhbDfkfuQO6CPKf/vSHPlXdClo=,GDH3KPnJG34p/owP0ifh6XYb0Nc=
-1,6,ykhbDfkfuQO6CPKf/vSHPlXdClo=,GDH3KPnJG34p/owP0ifh6XYb0Nc=
-1,5,ykhbDfkfuQO6CPKf/vSHPlXdClo=,GDH3KPnJG34p/owP0ifh6XYb0Nc=
-14,8,NQV6bnNIinDmyPSFAK7O+lIpEYo=,4nOa0rx/1hhLzvv5BbyedMZlhXI=
-15,8,NQV6bnNIinDmyPSFAK7O+lIpEYo=,4nOa0rx/1hhLzvv5BbyedMZlhXI=
-12,8,NQV6bnNIinDmyPSFAK7O+lIpEYo=,FTYG+A1kF3wIj4ZqyiPdhh+5qX8=
-12,6,NQV6bnNIinDmyPSFAK7O+lIpEYo=,3aT7uzqcynelreQnycOwYl92PF0=
-12,7,NQV6bnNIinDmyPSFAK7O+lIpEYo=,3aT7uzqcynelreQnycOwYl92PF0=
-12,5,NQV6bnNIinDmyPSFAK7O+lIpEYo=,3aT7uzqcynelreQnycOwYl92PF0=
-13,8,NQV6bnNIinDmyPSFAK7O+lIpEYo=,4nOa0rx/1hhLzvv5BbyedMZlhXI=
-11,1,DJOVt4xIn/GW0KUtTEVwvRhaa5g=,OCAtEoELQSm68kkgQ7ZZRkNQFr8=
-9,3,DJOVt4xIn/GW0KUtTEVwvRhaa5g=,OCAtEoELQSm68kkgQ7ZZRkNQFr8=
-9,2,DJOVt4xIn/GW0KUtTEVwvRhaa5g=,OCAtEoELQSm68kkgQ7ZZRkNQFr8=
-9,4,NQV6bnNIinDmyPSFAK7O+lIpEYo=,3aT7uzqcynelreQnycOwYl92PF0=
-10,2,DJOVt4xIn/GW0KUtTEVwvRhaa5g=,OCAtEoELQSm68kkgQ7ZZRkNQFr8=
-8,1,qYM7qmTDO7AdBaXObjD5RlS3nSs=,jvZu5hcgYzkT4vwFVeE2uKeeg3c=
-10,4,NQV6bnNIinDmyPSFAK7O+lIpEYo=,3aT7uzqcynelreQnycOwYl92PF0=
-10,1,DJOVt4xIn/GW0KUtTEVwvRhaa5g=,OCAtEoELQSm68kkgQ7ZZRkNQFr8=
-11,2,DJOVt4xIn/GW0KUtTEVwvRhaa5g=,OCAtEoELQSm68kkgQ7ZZRkNQFr8=
-11,4,NQV6bnNIinDmyPSFAK7O+lIpEYo=,3aT7uzqcynelreQnycOwYl92PF0=
-10,0,DJOVt4xIn/GW0KUtTEVwvRhaa5g=,OCAtEoELQSm68kkgQ7ZZRkNQFr8=
-11,0,DJOVt4xIn/GW0KUtTEVwvRhaa5g=,OCAtEoELQSm68kkgQ7ZZRkNQFr8=
-11,3,DJOVt4xIn/GW0KUtTEVwvRhaa5g=,OCAtEoELQSm68kkgQ7ZZRkNQFr8=
-8,4,NQV6bnNIinDmyPSFAK7O+lIpEYo=,VyanrtQvMGpst1HS41YOOl2nOmE=
-8,3,qYM7qmTDO7AdBaXObjD5RlS3nSs=,jvZu5hcgYzkT4vwFVeE2uKeeg3c=
-10,3,DJOVt4xIn/GW0KUtTEVwvRhaa5g=,OCAtEoELQSm68kkgQ7ZZRkNQFr8=
-8,2,qYM7qmTDO7AdBaXObjD5RlS3nSs=,jvZu5hcgYzkT4vwFVeE2uKeeg3c=
-9,1,DJOVt4xIn/GW0KUtTEVwvRhaa5g=,OCAtEoELQSm68kkgQ7ZZRkNQFr8=
-9,0,DJOVt4xIn/GW0KUtTEVwvRhaa5g=,OCAtEoELQSm68kkgQ7ZZRkNQFr8=
-6,0,qYM7qmTDO7AdBaXObjD5RlS3nSs=,jvZu5hcgYzkT4vwFVeE2uKeeg3c=
-8,0,qYM7qmTDO7AdBaXObjD5RlS3nSs=,jvZu5hcgYzkT4vwFVeE2uKeeg3c=
-7,0,qYM7qmTDO7AdBaXObjD5RlS3nSs=,jvZu5hcgYzkT4vwFVeE2uKeeg3c=
-5,4,NQV6bnNIinDmyPSFAK7O+lIpEYo=,VyanrtQvMGpst1HS41YOOl2nOmE=
-5,1,qYM7qmTDO7AdBaXObjD5RlS3nSs=,jvZu5hcgYzkT4vwFVeE2uKeeg3c=
-5,0,qYM7qmTDO7AdBaXObjD5RlS3nSs=,jvZu5hcgYzkT4vwFVeE2uKeeg3c=
-1,2,/VBgN0Pq98niVQiWierN/Dn8Ofg=,5+orA0JvRzlaD7jbtrlWZUkq/qI=
-2,4,ykhbDfkfuQO6CPKf/vSHPlXdClo=,GDH3KPnJG34p/owP0ifh6XYb0Nc=
-3,2,/VBgN0Pq98niVQiWierN/Dn8Ofg=,5+orA0JvRzlaD7jbtrlWZUkq/qI=
-4,3,/VBgN0Pq98niVQiWierN/Dn8Ofg=,5+orA0JvRzlaD7jbtrlWZUkq/qI=
-1,4,ykhbDfkfuQO6CPKf/vSHPlXdClo=,GDH3KPnJG34p/owP0ifh6XYb0Nc=
-2,2,/VBgN0Pq98niVQiWierN/Dn8Ofg=,5+orA0JvRzlaD7jbtrlWZUkq/qI=
-3,4,ykhbDfkfuQO6CPKf/vSHPlXdClo=,GDH3KPnJG34p/owP0ifh6XYb0Nc=
-1,1,/VBgN0Pq98niVQiWierN/Dn8Ofg=,5+orA0JvRzlaD7jbtrlWZUkq/qI=
-4,2,/VBgN0Pq98niVQiWierN/Dn8Ofg=,5+orA0JvRzlaD7jbtrlWZUkq/qI=
-4,4,ykhbDfkfuQO6CPKf/vSHPlXdClo=,GDH3KPnJG34p/owP0ifh6XYb0Nc=
-2,1,/VBgN0Pq98niVQiWierN/Dn8Ofg=,5+orA0JvRzlaD7jbtrlWZUkq/qI=
-4,1,/VBgN0Pq98niVQiWierN/Dn8Ofg=,5+orA0JvRzlaD7jbtrlWZUkq/qI=
-3,3,/VBgN0Pq98niVQiWierN/Dn8Ofg=,5+orA0JvRzlaD7jbtrlWZUkq/qI=
-1,3,/VBgN0Pq98niVQiWierN/Dn8Ofg=,5+orA0JvRzlaD7jbtrlWZUkq/qI=
-3,1,/VBgN0Pq98niVQiWierN/Dn8Ofg=,5+orA0JvRzlaD7jbtrlWZUkq/qI=
-1,0,/VBgN0Pq98niVQiWierN/Dn8Ofg=,5+orA0JvRzlaD7jbtrlWZUkq/qI=
-2,3,/VBgN0Pq98niVQiWierN/Dn8Ofg=,5+orA0JvRzlaD7jbtrlWZUkq/qI=
-5,2,qYM7qmTDO7AdBaXObjD5RlS3nSs=,jvZu5hcgYzkT4vwFVeE2uKeeg3c=
-4,0,/VBgN0Pq98niVQiWierN/Dn8Ofg=,5+orA0JvRzlaD7jbtrlWZUkq/qI=
-5,3,qYM7qmTDO7AdBaXObjD5RlS3nSs=,jvZu5hcgYzkT4vwFVeE2uKeeg3c=
-3,0,/VBgN0Pq98niVQiWierN/Dn8Ofg=,5+orA0JvRzlaD7jbtrlWZUkq/qI=
-2,0,/VBgN0Pq98niVQiWierN/Dn8Ofg=,5+orA0JvRzlaD7jbtrlWZUkq/qI=
-16,1,NQV6bnNIinDmyPSFAK7O+lIpEYo=,dKAj0VVZjCrbaVRp74HJjcNd2W4=
-14,1,NQV6bnNIinDmyPSFAK7O+lIpEYo=,dKAj0VVZjCrbaVRp74HJjcNd2W4=
-12,1,DJOVt4xIn/GW0KUtTEVwvRhaa5g=,OCAtEoELQSm68kkgQ7ZZRkNQFr8=
-14,2,NQV6bnNIinDmyPSFAK7O+lIpEYo=,dKAj0VVZjCrbaVRp74HJjcNd2W4=
-15,3,NQV6bnNIinDmyPSFAK7O+lIpEYo=,dKAj0VVZjCrbaVRp74HJjcNd2W4=
-12,2,DJOVt4xIn/GW0KUtTEVwvRhaa5g=,OCAtEoELQSm68kkgQ7ZZRkNQFr8=
-13,0,NQV6bnNIinDmyPSFAK7O+lIpEYo=,dKAj0VVZjCrbaVRp74HJjcNd2W4=
-14,0,NQV6bnNIinDmyPSFAK7O+lIpEYo=,dKAj0VVZjCrbaVRp74HJjcNd2W4=
-15,2,NQV6bnNIinDmyPSFAK7O+lIpEYo=,dKAj0VVZjCrbaVRp74HJjcNd2W4=
-12,4,NQV6bnNIinDmyPSFAK7O+lIpEYo=,3aT7uzqcynelreQnycOwYl92PF0=
-14,3,NQV6bnNIinDmyPSFAK7O+lIpEYo=,dKAj0VVZjCrbaVRp74HJjcNd2W4=
-16,0,NQV6bnNIinDmyPSFAK7O+lIpEYo=,dKAj0VVZjCrbaVRp74HJjcNd2W4=
-12,3,DJOVt4xIn/GW0KUtTEVwvRhaa5g=,OCAtEoELQSm68kkgQ7ZZRkNQFr8=
-15,1,NQV6bnNIinDmyPSFAK7O+lIpEYo=,dKAj0VVZjCrbaVRp74HJjcNd2W4=
-16,2,NQV6bnNIinDmyPSFAK7O+lIpEYo=,dKAj0VVZjCrbaVRp74HJjcNd2W4=
-12,0,DJOVt4xIn/GW0KUtTEVwvRhaa5g=,OCAtEoELQSm68kkgQ7ZZRkNQFr8=
-15,0,NQV6bnNIinDmyPSFAK7O+lIpEYo=,dKAj0VVZjCrbaVRp74HJjcNd2W4=
-13,3,NQV6bnNIinDmyPSFAK7O+lIpEYo=,dKAj0VVZjCrbaVRp74HJjcNd2W4=
-16,3,NQV6bnNIinDmyPSFAK7O+lIpEYo=,dKAj0VVZjCrbaVRp74HJjcNd2W4=
-13,2,NQV6bnNIinDmyPSFAK7O+lIpEYo=,dKAj0VVZjCrbaVRp74HJjcNd2W4=
-13,1,NQV6bnNIinDmyPSFAK7O+lIpEYo=,dKAj0VVZjCrbaVRp74HJjcNd2W4=
-6,12,NQV6bnNIinDmyPSFAK7O+lIpEYo=,dDZjAZPfTwhdTZ2Kk3+9N5ghfA8=
-6,14,NQV6bnNIinDmyPSFAK7O+lIpEYo=,dDZjAZPfTwhdTZ2Kk3+9N5ghfA8=
-7,12,NQV6bnNIinDmyPSFAK7O+lIpEYo=,dDZjAZPfTwhdTZ2Kk3+9N5ghfA8=
-6,11,NQV6bnNIinDmyPSFAK7O+lIpEYo=,XL4Yac74MZC+k6b/NiUsb7AT8FY=
-7,13,NQV6bnNIinDmyPSFAK7O+lIpEYo=,dDZjAZPfTwhdTZ2Kk3+9N5ghfA8=
-6,13,NQV6bnNIinDmyPSFAK7O+lIpEYo=,dDZjAZPfTwhdTZ2Kk3+9N5ghfA8=
-7,14,NQV6bnNIinDmyPSFAK7O+lIpEYo=,dDZjAZPfTwhdTZ2Kk3+9N5ghfA8=
-7,11,NQV6bnNIinDmyPSFAK7O+lIpEYo=,XL4Yac74MZC+k6b/NiUsb7AT8FY=
-6,15,NQV6bnNIinDmyPSFAK7O+lIpEYo=,dDZjAZPfTwhdTZ2Kk3+9N5ghfA8=
-7,15,NQV6bnNIinDmyPSFAK7O+lIpEYo=,dDZjAZPfTwhdTZ2Kk3+9N5ghfA8=
-1,9,NQV6bnNIinDmyPSFAK7O+lIpEYo=,jxWHk976ktI4ZmysLS7cLxYVCKw=
-1,10,NQV6bnNIinDmyPSFAK7O+lIpEYo=,jxWHk976ktI4ZmysLS7cLxYVCKw=
-15,15,NQV6bnNIinDmyPSFAK7O+lIpEYo=,HATa7wmf0FaI6gLbYj8iRCXzQq0=
-15,14,NQV6bnNIinDmyPSFAK7O+lIpEYo=,HATa7wmf0FaI6gLbYj8iRCXzQq0=
-16,14,NQV6bnNIinDmyPSFAK7O+lIpEYo=,HATa7wmf0FaI6gLbYj8iRCXzQq0=
-14,11,NQV6bnNIinDmyPSFAK7O+lIpEYo=,4nOa0rx/1hhLzvv5BbyedMZlhXI=
-16,13,NQV6bnNIinDmyPSFAK7O+lIpEYo=,HATa7wmf0FaI6gLbYj8iRCXzQq0=
-1,8,NQV6bnNIinDmyPSFAK7O+lIpEYo=,jxWHk976ktI4ZmysLS7cLxYVCKw=
-14,13,NQV6bnNIinDmyPSFAK7O+lIpEYo=,HATa7wmf0FaI6gLbYj8iRCXzQq0=
-1,7,ykhbDfkfuQO6CPKf/vSHPlXdClo=,GDH3KPnJG34p/owP0ifh6XYb0Nc=
-14,15,NQV6bnNIinDmyPSFAK7O+lIpEYo=,HATa7wmf0FaI6gLbYj8iRCXzQq0=
-15,13,NQV6bnNIinDmyPSFAK7O+lIpEYo=,HATa7wmf0FaI6gLbYj8iRCXzQq0=
-14,12,NQV6bnNIinDmyPSFAK7O+lIpEYo=,HATa7wmf0FaI6gLbYj8iRCXzQq0=
-14,14,NQV6bnNIinDmyPSFAK7O+lIpEYo=,HATa7wmf0FaI6gLbYj8iRCXzQq0=
-16,15,NQV6bnNIinDmyPSFAK7O+lIpEYo=,HATa7wmf0FaI6gLbYj8iRCXzQq0=
-15,11,NQV6bnNIinDmyPSFAK7O+lIpEYo=,4nOa0rx/1hhLzvv5BbyedMZlhXI=
-15,12,NQV6bnNIinDmyPSFAK7O+lIpEYo=,HATa7wmf0FaI6gLbYj8iRCXzQq0=
-16,9,NQV6bnNIinDmyPSFAK7O+lIpEYo=,4nOa0rx/1hhLzvv5BbyedMZlhXI=
-16,8,NQV6bnNIinDmyPSFAK7O+lIpEYo=,4nOa0rx/1hhLzvv5BbyedMZlhXI=
-16,12,NQV6bnNIinDmyPSFAK7O+lIpEYo=,HATa7wmf0FaI6gLbYj8iRCXzQq0=
-16,10,NQV6bnNIinDmyPSFAK7O+lIpEYo=,4nOa0rx/1hhLzvv5BbyedMZlhXI=
-16,11,NQV6bnNIinDmyPSFAK7O+lIpEYo=,4nOa0rx/1hhLzvv5BbyedMZlhXI=
-4,13,NQV6bnNIinDmyPSFAK7O+lIpEYo=,f+BMKDeSptv/jNYKY04Cm2M1bTw=
-5,15,NQV6bnNIinDmyPSFAK7O+lIpEYo=,dDZjAZPfTwhdTZ2Kk3+9N5ghfA8=
-5,12,NQV6bnNIinDmyPSFAK7O+lIpEYo=,dDZjAZPfTwhdTZ2Kk3+9N5ghfA8=
-3,13,NQV6bnNIinDmyPSFAK7O+lIpEYo=,f+BMKDeSptv/jNYKY04Cm2M1bTw=
-4,11,NQV6bnNIinDmyPSFAK7O+lIpEYo=,jxWHk976ktI4ZmysLS7cLxYVCKw=
-1,12,NQV6bnNIinDmyPSFAK7O+lIpEYo=,f+BMKDeSptv/jNYKY04Cm2M1bTw=
-2,12,NQV6bnNIinDmyPSFAK7O+lIpEYo=,f+BMKDeSptv/jNYKY04Cm2M1bTw=
-2,11,NQV6bnNIinDmyPSFAK7O+lIpEYo=,jxWHk976ktI4ZmysLS7cLxYVCKw=
-1,11,NQV6bnNIinDmyPSFAK7O+lIpEYo=,jxWHk976ktI4ZmysLS7cLxYVCKw=
-3,15,NQV6bnNIinDmyPSFAK7O+lIpEYo=,f+BMKDeSptv/jNYKY04Cm2M1bTw=
-5,14,NQV6bnNIinDmyPSFAK7O+lIpEYo=,dDZjAZPfTwhdTZ2Kk3+9N5ghfA8=
-4,15,NQV6bnNIinDmyPSFAK7O+lIpEYo=,f+BMKDeSptv/jNYKY04Cm2M1bTw=
-2,13,NQV6bnNIinDmyPSFAK7O+lIpEYo=,f+BMKDeSptv/jNYKY04Cm2M1bTw=
-1,14,NQV6bnNIinDmyPSFAK7O+lIpEYo=,f+BMKDeSptv/jNYKY04Cm2M1bTw=
-2,14,NQV6bnNIinDmyPSFAK7O+lIpEYo=,f+BMKDeSptv/jNYKY04Cm2M1bTw=
-1,13,NQV6bnNIinDmyPSFAK7O+lIpEYo=,f+BMKDeSptv/jNYKY04Cm2M1bTw=
-5,11,NQV6bnNIinDmyPSFAK7O+lIpEYo=,XL4Yac74MZC+k6b/NiUsb7AT8FY=
-2,15,NQV6bnNIinDmyPSFAK7O+lIpEYo=,f+BMKDeSptv/jNYKY04Cm2M1bTw=
-3,11,NQV6bnNIinDmyPSFAK7O+lIpEYo=,jxWHk976ktI4ZmysLS7cLxYVCKw=
-3,12,NQV6bnNIinDmyPSFAK7O+lIpEYo=,f+BMKDeSptv/jNYKY04Cm2M1bTw=
-4,14,NQV6bnNIinDmyPSFAK7O+lIpEYo=,f+BMKDeSptv/jNYKY04Cm2M1bTw=
-9,12,NQV6bnNIinDmyPSFAK7O+lIpEYo=,jdi2lLr3IDOZJah5GQe40cCpYDc=
-9,14,NQV6bnNIinDmyPSFAK7O+lIpEYo=,jdi2lLr3IDOZJah5GQe40cCpYDc=
-1,15,NQV6bnNIinDmyPSFAK7O+lIpEYo=,f+BMKDeSptv/jNYKY04Cm2M1bTw=
-4,12,NQV6bnNIinDmyPSFAK7O+lIpEYo=,f+BMKDeSptv/jNYKY04Cm2M1bTw=
-11,12,NQV6bnNIinDmyPSFAK7O+lIpEYo=,jdi2lLr3IDOZJah5GQe40cCpYDc=
-10,12,NQV6bnNIinDmyPSFAK7O+lIpEYo=,jdi2lLr3IDOZJah5GQe40cCpYDc=
-5,13,NQV6bnNIinDmyPSFAK7O+lIpEYo=,dDZjAZPfTwhdTZ2Kk3+9N5ghfA8=
-13,11,NQV6bnNIinDmyPSFAK7O+lIpEYo=,4nOa0rx/1hhLzvv5BbyedMZlhXI=
-9,11,NQV6bnNIinDmyPSFAK7O+lIpEYo=,FTYG+A1kF3wIj4ZqyiPdhh+5qX8=
-11,14,NQV6bnNIinDmyPSFAK7O+lIpEYo=,jdi2lLr3IDOZJah5GQe40cCpYDc=
-10,11,NQV6bnNIinDmyPSFAK7O+lIpEYo=,FTYG+A1kF3wIj4ZqyiPdhh+5qX8=
-9,13,NQV6bnNIinDmyPSFAK7O+lIpEYo=,jdi2lLr3IDOZJah5GQe40cCpYDc=
-8,12,NQV6bnNIinDmyPSFAK7O+lIpEYo=,dDZjAZPfTwhdTZ2Kk3+9N5ghfA8=
-10,15,NQV6bnNIinDmyPSFAK7O+lIpEYo=,jdi2lLr3IDOZJah5GQe40cCpYDc=
-9,15,NQV6bnNIinDmyPSFAK7O+lIpEYo=,jdi2lLr3IDOZJah5GQe40cCpYDc=
-12,12,NQV6bnNIinDmyPSFAK7O+lIpEYo=,jdi2lLr3IDOZJah5GQe40cCpYDc=
-13,14,NQV6bnNIinDmyPSFAK7O+lIpEYo=,HATa7wmf0FaI6gLbYj8iRCXzQq0=
-3,14,NQV6bnNIinDmyPSFAK7O+lIpEYo=,f+BMKDeSptv/jNYKY04Cm2M1bTw=
-10,14,NQV6bnNIinDmyPSFAK7O+lIpEYo=,jdi2lLr3IDOZJah5GQe40cCpYDc=
-11,11,NQV6bnNIinDmyPSFAK7O+lIpEYo=,FTYG+A1kF3wIj4ZqyiPdhh+5qX8=
-8,14,NQV6bnNIinDmyPSFAK7O+lIpEYo=,dDZjAZPfTwhdTZ2Kk3+9N5ghfA8=
-11,15,NQV6bnNIinDmyPSFAK7O+lIpEYo=,jdi2lLr3IDOZJah5GQe40cCpYDc=
-10,13,NQV6bnNIinDmyPSFAK7O+lIpEYo=,jdi2lLr3IDOZJah5GQe40cCpYDc=
-12,11,NQV6bnNIinDmyPSFAK7O+lIpEYo=,FTYG+A1kF3wIj4ZqyiPdhh+5qX8=
-13,12,NQV6bnNIinDmyPSFAK7O+lIpEYo=,HATa7wmf0FaI6gLbYj8iRCXzQq0=
-12,14,NQV6bnNIinDmyPSFAK7O+lIpEYo=,jdi2lLr3IDOZJah5GQe40cCpYDc=
-8,11,NQV6bnNIinDmyPSFAK7O+lIpEYo=,XL4Yac74MZC+k6b/NiUsb7AT8FY=
-13,13,NQV6bnNIinDmyPSFAK7O+lIpEYo=,HATa7wmf0FaI6gLbYj8iRCXzQq0=
-12,15,NQV6bnNIinDmyPSFAK7O+lIpEYo=,jdi2lLr3IDOZJah5GQe40cCpYDc=
-11,13,NQV6bnNIinDmyPSFAK7O+lIpEYo=,jdi2lLr3IDOZJah5GQe40cCpYDc=
-12,13,NQV6bnNIinDmyPSFAK7O+lIpEYo=,jdi2lLr3IDOZJah5GQe40cCpYDc=
-8,15,NQV6bnNIinDmyPSFAK7O+lIpEYo=,dDZjAZPfTwhdTZ2Kk3+9N5ghfA8=
-8,13,NQV6bnNIinDmyPSFAK7O+lIpEYo=,dDZjAZPfTwhdTZ2Kk3+9N5ghfA8=
-13,15,NQV6bnNIinDmyPSFAK7O+lIpEYo=,HATa7wmf0FaI6gLbYj8iRCXzQq0=
