-161,-63,tXr10xfaveMhMTwSpNfeMyM98oE=,JTRGI/z6gTdEI9oeGO+OSdgixi4=
-164,-61,tXr10xfaveMhMTwSpNfeMyM98oE=,JTRGI/z6gTdEI9oeGO+OSdgixi4=
-164,-62,tXr10xfaveMhMTwSpNfeMyM98oE=,JTRGI/z6gTdEI9oeGO+OSdgixi4=
-162,-62,tXr10xfaveMhMTwSpNfeMyM98oE=,JTRGI/z6gTdEI9oeGO+OSdgixi4=
-165,-62,tXr10xfaveMhMTwSpNfeMyM98oE=,JTRGI/z6gTdEI9oeGO+OSdgixi4=
-173,-64,tXr10xfaveMhMTwSpNfeMyM98oE=,JTRGI/z6gTdEI9oeGO+OSdgixi4=
-167,-62,tXr10xfaveMhMTwSpNfeMyM98oE=,JTRGI/z6gTdEI9oeGO+OSdgixi4=
-172,-64,tXr10xfaveMhMTwSpNfeMyM98oE=,JTRGI/z6gTdEI9oeGO+OSdgixi4=
-168,-62,tXr10xfaveMhMTwSpNfeMyM98oE=,JTRGI/z6gTdEI9oeGO+OSdgixi4=
-169,-62,tXr10xfaveMhMTwSpNfeMyM98oE=,JTRGI/z6gTdEI9oeGO+OSdgixi4=
-163,-62,tXr10xfaveMhMTwSpNfeMyM98oE=,JTRGI/z6gTdEI9oeGO+OSdgixi4=
-171,-62,tXr10xfaveMhMTwSpNfeMyM98oE=,JTRGI/z6gTdEI9oeGO+OSdgixi4=
-161,-49,tXr10xfaveMhMTwSpNfeMyM98oE=,JTRGI/z6gTdEI9oeGO+OSdgixi4=
-163,-61,tXr10xfaveMhMTwSpNfeMyM98oE=,JTRGI/z6gTdEI9oeGO+OSdgixi4=
-175,-62,tXr10xfaveMhMTwSpNfeMyM98oE=,JTRGI/z6gTdEI9oeGO+OSdgixi4=
-172,-62,tXr10xfaveMhMTwSpNfeMyM98oE=,JTRGI/z6gTdEI9oeGO+OSdgixi4=
-173,-62,tXr10xfaveMhMTwSpNfeMyM98oE=,JTRGI/z6gTdEI9oeGO+OSdgixi4=
-166,-62,tXr10xfaveMhMTwSpNfeMyM98oE=,JTRGI/z6gTdEI9oeGO+OSdgixi4=
-170,-62,tXr10xfaveMhMTwSpNfeMyM98oE=,JTRGI/z6gTdEI9oeGO+OSdgixi4=
-174,-62,tXr10xfaveMhMTwSpNfeMyM98oE=,JTRGI/z6gTdEI9oeGO+OSdgixi4=
-176,-62,tXr10xfaveMhMTwSpNfeMyM98oE=,JTRGI/z6gTdEI9oeGO+OSdgixi4=
-163,-49,tXr10xfaveMhMTwSpNfeMyM98oE=,JTRGI/z6gTdEI9oeGO+OSdgixi4=
-162,-49,tXr10xfaveMhMTwSpNfeMyM98oE=,JTRGI/z6gTdEI9oeGO+OSdgixi4=
-165,-61,tXr10xfaveMhMTwSpNfeMyM98oE=,JTRGI/z6gTdEI9oeGO+OSdgixi4=
-168,-49,tXr10xfaveMhMTwSpNfeMyM98oE=,JTRGI/z6gTdEI9oeGO+OSdgixi4=
-162,-61,tXr10xfaveMhMTwSpNfeMyM98oE=,JTRGI/z6gTdEI9oeGO+OSdgixi4=
-166,-49,tXr10xfaveMhMTwSpNfeMyM98oE=,JTRGI/z6gTdEI9oeGO+OSdgixi4=
-169,-49,tXr10xfaveMhMTwSpNfeMyM98oE=,JTRGI/z6gTdEI9oeGO+OSdgixi4=
-172,-49,tXr10xfaveMhMTwSpNfeMyM98oE=,JTRGI/z6gTdEI9oeGO+OSdgixi4=
-170,-49,tXr10xfaveMhMTwSpNfeMyM98oE=,JTRGI/z6gTdEI9oeGO+OSdgixi4=
-161,-61,tXr10xfaveMhMTwSpNfeMyM98oE=,JTRGI/z6gTdEI9oeGO+OSdgixi4=
-165,-49,tXr10xfaveMhMTwSpNfeMyM98oE=,JTRGI/z6gTdEI9oeGO+OSdgixi4=
-173,-49,tXr10xfaveMhMTwSpNfeMyM98oE=,JTRGI/z6gTdEI9oeGO+OSdgixi4=
-167,-49,tXr10xfaveMhMTwSpNfeMyM98oE=,JTRGI/z6gTdEI9oeGO+OSdgixi4=
-164,-49,tXr10xfaveMhMTwSpNfeMyM98oE=,JTRGI/z6gTdEI9oeGO+OSdgixi4=
-171,-64,tXr10xfaveMhMTwSpNfeMyM98oE=,JTRGI/z6gTdEI9oeGO+OSdgixi4=
-175,-49,tXr10xfaveMhMTwSpNfeMyM98oE=,JTRGI/z6gTdEI9oeGO+OSdgixi4=
-166,-61,tXr10xfaveMhMTwSpNfeMyM98oE=,JTRGI/z6gTdEI9oeGO+OSdgixi4=
-176,-49,tXr10xfaveMhMTwSpNfeMyM98oE=,JTRGI/z6gTdEI9oeGO+OSdgixi4=
-174,-49,tXr10xfaveMhMTwSpNfeMyM98oE=,JTRGI/z6gTdEI9oeGO+OSdgixi4=
-161,-50,tXr10xfaveMhMTwSpNfeMyM98oE=,JTRGI/z6gTdEI9oeGO+OSdgixi4=
-174,-64,tXr10xfaveMhMTwSpNfeMyM98oE=,JTRGI/z6gTdEI9oeGO+OSdgixi4=
-163,-50,tXr10xfaveMhMTwSpNfeMyM98oE=,JTRGI/z6gTdEI9oeGO+OSdgixi4=
-162,-50,tXr10xfaveMhMTwSpNfeMyM98oE=,JTRGI/z6gTdEI9oeGO+OSdgixi4=
-166,-50,tXr10xfaveMhMTwSpNfeMyM98oE=,JTRGI/z6gTdEI9oeGO+OSdgixi4=
-165,-50,tXr10xfaveMhMTwSpNfeMyM98oE=,JTRGI/z6gTdEI9oeGO+OSdgixi4=
-176,-60,tXr10xfaveMhMTwSpNfeMyM98oE=,JTRGI/z6gTdEI9oeGO+OSdgixi4=
-168,-50,tXr10xfaveMhMTwSpNfeMyM98oE=,JTRGI/z6gTdEI9oeGO+OSdgixi4=
-167,-50,tXr10xfaveMhMTwSpNfeMyM98oE=,JTRGI/z6gTdEI9oeGO+OSdgixi4=
-169,-50,tXr10xfaveMhMTwSpNfeMyM98oE=,JTRGI/z6gTdEI9oeGO+OSdgixi4=
-162,-63,tXr10xfaveMhMTwSpNfeMyM98oE=,JTRGI/z6gTdEI9oeGO+OSdgixi4=
-170,-50,tXr10xfaveMhMTwSpNfeMyM98oE=,JTRGI/z6gTdEI9oeGO+OSdgixi4=
-171,-49,tXr10xfaveMhMTwSpNfeMyM98oE=,JTRGI/z6gTdEI9oeGO+OSdgixi4=
-171,-50,tXr10xfaveMhMTwSpNfeMyM98oE=,JTRGI/z6gTdEI9oeGO+OSdgixi4=
-172,-50,tXr10xfaveMhMTwSpNfeMyM98oE=,JTRGI/z6gTdEI9oeGO+OSdgixi4=
-164,-50,tXr10xfaveMhMTwSpNfeMyM98oE=,JTRGI/z6gTdEI9oeGO+OSdgixi4=
-174,-50,tXr10xfaveMhMTwSpNfeMyM98oE=,JTRGI/z6gTdEI9oeGO+OSdgixi4=
-175,-50,tXr10xfaveMhMTwSpNfeMyM98oE=,JTRGI/z6gTdEI9oeGO+OSdgixi4=
-176,-63,tXr10xfaveMhMTwSpNfeMyM98oE=,JTRGI/z6gTdEI9oeGO+OSdgixi4=
-173,-50,tXr10xfaveMhMTwSpNfeMyM98oE=,JTRGI/z6gTdEI9oeGO+OSdgixi4=
-167,-61,tXr10xfaveMhMTwSpNfeMyM98oE=,JTRGI/z6gTdEI9oeGO+OSdgixi4=
-163,-51,tXr10xfaveMhMTwSpNfeMyM98oE=,JTRGI/z6gTdEI9oeGO+OSdgixi4=
-161,-51,tXr10xfaveMhMTwSpNfeMyM98oE=,JTRGI/z6gTdEI9oeGO+OSdgixi4=
-174,-63,tXr10xfaveMhMTwSpNfeMyM98oE=,JTRGI/z6gTdEI9oeGO+OSdgixi4=
-175,-64,tXr10xfaveMhMTwSpNfeMyM98oE=,JTRGI/z6gTdEI9oeGO+OSdgixi4=
-176,-50,tXr10xfaveMhMTwSpNfeMyM98oE=,JTRGI/z6gTdEI9oeGO+OSdgixi4=
-165,-51,tXr10xfaveMhMTwSpNfeMyM98oE=,JTRGI/z6gTdEI9oeGO+OSdgixi4=
-164,-51,tXr10xfaveMhMTwSpNfeMyM98oE=,JTRGI/z6gTdEI9oeGO+OSdgixi4=
-175,-63,tXr10xfaveMhMTwSpNfeMyM98oE=,JTRGI/z6gTdEI9oeGO+OSdgixi4=
-168,-51,tXr10xfaveMhMTwSpNfeMyM98oE=,JTRGI/z6gTdEI9oeGO+OSdgixi4=
-175,-60,tXr10xfaveMhMTwSpNfeMyM98oE=,JTRGI/z6gTdEI9oeGO+OSdgixi4=
-162,-51,tXr10xfaveMhMTwSpNfeMyM98oE=,JTRGI/z6gTdEI9oeGO+OSdgixi4=
-166,-51,tXr10xfaveMhMTwSpNfeMyM98oE=,JTRGI/z6gTdEI9oeGO+OSdgixi4=
-169,-51,tXr10xfaveMhMTwSpNfeMyM98oE=,JTRGI/z6gTdEI9oeGO+OSdgixi4=
-172,-51,tXr10xfaveMhMTwSpNfeMyM98oE=,JTRGI/z6gTdEI9oeGO+OSdgixi4=
-163,-63,tXr10xfaveMhMTwSpNfeMyM98oE=,JTRGI/z6gTdEI9oeGO+OSdgixi4=
-170,-51,tXr10xfaveMhMTwSpNfeMyM98oE=,JTRGI/z6gTdEI9oeGO+OSdgixi4=
-174,-60,tXr10xfaveMhMTwSpNfeMyM98oE=,JTRGI/z6gTdEI9oeGO+OSdgixi4=
-161,-64,tXr10xfaveMhMTwSpNfeMyM98oE=,JTRGI/z6gTdEI9oeGO+OSdgixi4=
-168,-61,tXr10xfaveMhMTwSpNfeMyM98oE=,JTRGI/z6gTdEI9oeGO+OSdgixi4=
-173,-51,tXr10xfaveMhMTwSpNfeMyM98oE=,JTRGI/z6gTdEI9oeGO+OSdgixi4=
-175,-51,tXr10xfaveMhMTwSpNfeMyM98oE=,JTRGI/z6gTdEI9oeGO+OSdgixi4=
-167,-51,tXr10xfaveMhMTwSpNfeMyM98oE=,JTRGI/z6gTdEI9oeGO+OSdgixi4=
-174,-51,tXr10xfaveMhMTwSpNfeMyM98oE=,JTRGI/z6gTdEI9oeGO+OSdgixi4=
-171,-51,tXr10xfaveMhMTwSpNfeMyM98oE=,JTRGI/z6gTdEI9oeGO+OSdgixi4=
-164,-63,tXr10xfaveMhMTwSpNfeMyM98oE=,JTRGI/z6gTdEI9oeGO+OSdgixi4=
-173,-60,tXr10xfaveMhMTwSpNfeMyM98oE=,JTRGI/z6gTdEI9oeGO+OSdgixi4=
-165,-52,tXr10xfaveMhMTwSpNfeMyM98oE=,JTRGI/z6gTdEI9oeGO+OSdgixi4=
-161,-52,tXr10xfaveMhMTwSpNfeMyM98oE=,JTRGI/z6gTdEI9oeGO+OSdgixi4=
-163,-52,tXr10xfaveMhMTwSpNfeMyM98oE=,JTRGI/z6gTdEI9oeGO+OSdgixi4=
-176,-51,tXr10xfaveMhMTwSpNfeMyM98oE=,JTRGI/z6gTdEI9oeGO+OSdgixi4=
-167,-52,tXr10xfaveMhMTwSpNfeMyM98oE=,JTRGI/z6gTdEI9oeGO+OSdgixi4=
-172,-60,tXr10xfaveMhMTwSpNfeMyM98oE=,JTRGI/z6gTdEI9oeGO+OSdgixi4=
-162,-52,tXr10xfaveMhMTwSpNfeMyM98oE=,JTRGI/z6gTdEI9oeGO+OSdgixi4=
-168,-52,tXr10xfaveMhMTwSpNfeMyM98oE=,JTRGI/z6gTdEI9oeGO+OSdgixi4=
-171,-60,tXr10xfaveMhMTwSpNfeMyM98oE=,JTRGI/z6gTdEI9oeGO+OSdgixi4=
-172,-52,tXr10xfaveMhMTwSpNfeMyM98oE=,JTRGI/z6gTdEI9oeGO+OSdgixi4=
-169,-61,tXr10xfaveMhMTwSpNfeMyM98oE=,JTRGI/z6gTdEI9oeGO+OSdgixi4=
-166,-52,tXr10xfaveMhMTwSpNfeMyM98oE=,JTRGI/z6gTdEI9oeGO+OSdgixi4=
-169,-52,tXr10xfaveMhMTwSpNfeMyM98oE=,JTRGI/z6gTdEI9oeGO+OSdgixi4=
-164,-52,tXr10xfaveMhMTwSpNfeMyM98oE=,JTRGI/z6gTdEI9oeGO+OSdgixi4=
-173,-52,tXr10xfaveMhMTwSpNfeMyM98oE=,JTRGI/z6gTdEI9oeGO+OSdgixi4=
-170,-52,tXr10xfaveMhMTwSpNfeMyM98oE=,JTRGI/z6gTdEI9oeGO+OSdgixi4=
-175,-52,tXr10xfaveMhMTwSpNfeMyM98oE=,JTRGI/z6gTdEI9oeGO+OSdgixi4=
-170,-60,tXr10xfaveMhMTwSpNfeMyM98oE=,JTRGI/z6gTdEI9oeGO+OSdgixi4=
-162,-64,tXr10xfaveMhMTwSpNfeMyM98oE=,JTRGI/z6gTdEI9oeGO+OSdgixi4=
-169,-60,tXr10xfaveMhMTwSpNfeMyM98oE=,JTRGI/z6gTdEI9oeGO+OSdgixi4=
-165,-63,tXr10xfaveMhMTwSpNfeMyM98oE=,JTRGI/z6gTdEI9oeGO+OSdgixi4=
-164,-53,tXr10xfaveMhMTwSpNfeMyM98oE=,JTRGI/z6gTdEI9oeGO+OSdgixi4=
-171,-52,tXr10xfaveMhMTwSpNfeMyM98oE=,JTRGI/z6gTdEI9oeGO+OSdgixi4=
-176,-52,tXr10xfaveMhMTwSpNfeMyM98oE=,JTRGI/z6gTdEI9oeGO+OSdgixi4=
-165,-53,tXr10xfaveMhMTwSpNfeMyM98oE=,JTRGI/z6gTdEI9oeGO+OSdgixi4=
-174,-52,tXr10xfaveMhMTwSpNfeMyM98oE=,JTRGI/z6gTdEI9oeGO+OSdgixi4=
-166,-53,tXr10xfaveMhMTwSpNfeMyM98oE=,JTRGI/z6gTdEI9oeGO+OSdgixi4=
-163,-53,tXr10xfaveMhMTwSpNfeMyM98oE=,JTRGI/z6gTdEI9oeGO+OSdgixi4=
-168,-60,tXr10xfaveMhMTwSpNfeMyM98oE=,JTRGI/z6gTdEI9oeGO+OSdgixi4=
-161,-53,tXr10xfaveMhMTwSpNfeMyM98oE=,JTRGI/z6gTdEI9oeGO+OSdgixi4=
-171,-53,tXr10xfaveMhMTwSpNfeMyM98oE=,JTRGI/z6gTdEI9oeGO+OSdgixi4=
-163,-64,tXr10xfaveMhMTwSpNfeMyM98oE=,JTRGI/z6gTdEI9oeGO+OSdgixi4=
-166,-60,tXr10xfaveMhMTwSpNfeMyM98oE=,JTRGI/z6gTdEI9oeGO+OSdgixi4=
-167,-53,tXr10xfaveMhMTwSpNfeMyM98oE=,JTRGI/z6gTdEI9oeGO+OSdgixi4=
-170,-61,tXr10xfaveMhMTwSpNfeMyM98oE=,JTRGI/z6gTdEI9oeGO+OSdgixi4=
-167,-60,tXr10xfaveMhMTwSpNfeMyM98oE=,JTRGI/z6gTdEI9oeGO+OSdgixi4=
-162,-53,tXr10xfaveMhMTwSpNfeMyM98oE=,JTRGI/z6gTdEI9oeGO+OSdgixi4=
-169,-53,tXr10xfaveMhMTwSpNfeMyM98oE=,JTRGI/z6gTdEI9oeGO+OSdgixi4=
-173,-53,tXr10xfaveMhMTwSpNfeMyM98oE=,JTRGI/z6gTdEI9oeGO+OSdgixi4=
-170,-53,tXr10xfaveMhMTwSpNfeMyM98oE=,JTRGI/z6gTdEI9oeGO+OSdgixi4=
-168,-53,tXr10xfaveMhMTwSpNfeMyM98oE=,JTRGI/z6gTdEI9oeGO+OSdgixi4=
-174,-53,tXr10xfaveMhMTwSpNfeMyM98oE=,JTRGI/z6gTdEI9oeGO+OSdgixi4=
-175,-53,tXr10xfaveMhMTwSpNfeMyM98oE=,JTRGI/z6gTdEI9oeGO+OSdgixi4=
-166,-63,tXr10xfaveMhMTwSpNfeMyM98oE=,JTRGI/z6gTdEI9oeGO+OSdgixi4=
-165,-60,tXr10xfaveMhMTwSpNfeMyM98oE=,JTRGI/z6gTdEI9oeGO+OSdgixi4=
-163,-54,tXr10xfaveMhMTwSpNfeMyM98oE=,JTRGI/z6gTdEI9oeGO+OSdgixi4=
-161,-62,tXr10xfaveMhMTwSpNfeMyM98oE=,JTRGI/z6gTdEI9oeGO+OSdgixi4=
-176,-53,tXr10xfaveMhMTwSpNfeMyM98oE=,JTRGI/z6gTdEI9oeGO+OSdgixi4=
-172,-53,tXr10xfaveMhMTwSpNfeMyM98oE=,JTRGI/z6gTdEI9oeGO+OSdgixi4=
-165,-54,tXr10xfaveMhMTwSpNfeMyM98oE=,JTRGI/z6gTdEI9oeGO+OSdgixi4=
-161,-54,tXr10xfaveMhMTwSpNfeMyM98oE=,JTRGI/z6gTdEI9oeGO+OSdgixi4=
-164,-54,tXr10xfaveMhMTwSpNfeMyM98oE=,JTRGI/z6gTdEI9oeGO+OSdgixi4=
-166,-54,tXr10xfaveMhMTwSpNfeMyM98oE=,JTRGI/z6gTdEI9oeGO+OSdgixi4=
-170,-64,tXr10xfaveMhMTwSpNfeMyM98oE=,JTRGI/z6gTdEI9oeGO+OSdgixi4=
-164,-64,tXr10xfaveMhMTwSpNfeMyM98oE=,JTRGI/z6gTdEI9oeGO+OSdgixi4=
-169,-54,tXr10xfaveMhMTwSpNfeMyM98oE=,JTRGI/z6gTdEI9oeGO+OSdgixi4=
-168,-54,tXr10xfaveMhMTwSpNfeMyM98oE=,JTRGI/z6gTdEI9oeGO+OSdgixi4=
-171,-54,tXr10xfaveMhMTwSpNfeMyM98oE=,JTRGI/z6gTdEI9oeGO+OSdgixi4=
-171,-61,tXr10xfaveMhMTwSpNfeMyM98oE=,JTRGI/z6gTdEI9oeGO+OSdgixi4=
-173,-54,tXr10xfaveMhMTwSpNfeMyM98oE=,JTRGI/z6gTdEI9oeGO+OSdgixi4=
-167,-54,tXr10xfaveMhMTwSpNfeMyM98oE=,JTRGI/z6gTdEI9oeGO+OSdgixi4=
-176,-64,tXr10xfaveMhMTwSpNfeMyM98oE=,JTRGI/z6gTdEI9oeGO+OSdgixi4=
-167,-63,tXr10xfaveMhMTwSpNfeMyM98oE=,JTRGI/z6gTdEI9oeGO+OSdgixi4=
-174,-54,tXr10xfaveMhMTwSpNfeMyM98oE=,JTRGI/z6gTdEI9oeGO+OSdgixi4=
-170,-54,tXr10xfaveMhMTwSpNfeMyM98oE=,JTRGI/z6gTdEI9oeGO+OSdgixi4=
-162,-54,tXr10xfaveMhMTwSpNfeMyM98oE=,JTRGI/z6gTdEI9oeGO+OSdgixi4=
-175,-54,tXr10xfaveMhMTwSpNfeMyM98oE=,JTRGI/z6gTdEI9oeGO+OSdgixi4=
-161,-55,tXr10xfaveMhMTwSpNfeMyM98oE=,JTRGI/z6gTdEI9oeGO+OSdgixi4=
-164,-60,tXr10xfaveMhMTwSpNfeMyM98oE=,JTRGI/z6gTdEI9oeGO+OSdgixi4=
-176,-54,tXr10xfaveMhMTwSpNfeMyM98oE=,JTRGI/z6gTdEI9oeGO+OSdgixi4=
-163,-60,tXr10xfaveMhMTwSpNfeMyM98oE=,JTRGI/z6gTdEI9oeGO+OSdgixi4=
-167,-55,tXr10xfaveMhMTwSpNfeMyM98oE=,JTRGI/z6gTdEI9oeGO+OSdgixi4=
-166,-55,tXr10xfaveMhMTwSpNfeMyM98oE=,JTRGI/z6gTdEI9oeGO+OSdgixi4=
-164,-55,tXr10xfaveMhMTwSpNfeMyM98oE=,JTRGI/z6gTdEI9oeGO+OSdgixi4=
-163,-55,tXr10xfaveMhMTwSpNfeMyM98oE=,JTRGI/z6gTdEI9oeGO+OSdgixi4=
-172,-54,tXr10xfaveMhMTwSpNfeMyM98oE=,JTRGI/z6gTdEI9oeGO+OSdgixi4=
-165,-55,tXr10xfaveMhMTwSpNfeMyM98oE=,JTRGI/z6gTdEI9oeGO+OSdgixi4=
-169,-55,tXr10xfaveMhMTwSpNfeMyM98oE=,JTRGI/z6gTdEI9oeGO+OSdgixi4=
-162,-60,tXr10xfaveMhMTwSpNfeMyM98oE=,JTRGI/z6gTdEI9oeGO+OSdgixi4=
-162,-55,tXr10xfaveMhMTwSpNfeMyM98oE=,JTRGI/z6gTdEI9oeGO+OSdgixi4=
-172,-61,tXr10xfaveMhMTwSpNfeMyM98oE=,JTRGI/z6gTdEI9oeGO+OSdgixi4=
-172,-55,tXr10xfaveMhMTwSpNfeMyM98oE=,JTRGI/z6gTdEI9oeGO+OSdgixi4=
-168,-55,tXr10xfaveMhMTwSpNfeMyM98oE=,JTRGI/z6gTdEI9oeGO+OSdgixi4=
-161,-60,tXr10xfaveMhMTwSpNfeMyM98oE=,JTRGI/z6gTdEI9oeGO+OSdgixi4=
-176,-59,tXr10xfaveMhMTwSpNfeMyM98oE=,JTRGI/z6gTdEI9oeGO+OSdgixi4=
-168,-63,tXr10xfaveMhMTwSpNfeMyM98oE=,JTRGI/z6gTdEI9oeGO+OSdgixi4=
-176,-55,tXr10xfaveMhMTwSpNfeMyM98oE=,JTRGI/z6gTdEI9oeGO+OSdgixi4=
-165,-64,tXr10xfaveMhMTwSpNfeMyM98oE=,JTRGI/z6gTdEI9oeGO+OSdgixi4=
-173,-55,tXr10xfaveMhMTwSpNfeMyM98oE=,JTRGI/z6gTdEI9oeGO+OSdgixi4=
-171,-55,tXr10xfaveMhMTwSpNfeMyM98oE=,JTRGI/z6gTdEI9oeGO+OSdgixi4=
-170,-55,tXr10xfaveMhMTwSpNfeMyM98oE=,JTRGI/z6gTdEI9oeGO+OSdgixi4=
-173,-63,tXr10xfaveMhMTwSpNfeMyM98oE=,JTRGI/z6gTdEI9oeGO+OSdgixi4=
-174,-55,tXr10xfaveMhMTwSpNfeMyM98oE=,JTRGI/z6gTdEI9oeGO+OSdgixi4=
-168,-56,tXr10xfaveMhMTwSpNfeMyM98oE=,JTRGI/z6gTdEI9oeGO+OSdgixi4=
-175,-55,tXr10xfaveMhMTwSpNfeMyM98oE=,JTRGI/z6gTdEI9oeGO+OSdgixi4=
-162,-56,tXr10xfaveMhMTwSpNfeMyM98oE=,JTRGI/z6gTdEI9oeGO+OSdgixi4=
-163,-56,tXr10xfaveMhMTwSpNfeMyM98oE=,JTRGI/z6gTdEI9oeGO+OSdgixi4=
-161,-56,tXr10xfaveMhMTwSpNfeMyM98oE=,JTRGI/z6gTdEI9oeGO+OSdgixi4=
-165,-56,tXr10xfaveMhMTwSpNfeMyM98oE=,JTRGI/z6gTdEI9oeGO+OSdgixi4=
-164,-56,tXr10xfaveMhMTwSpNfeMyM98oE=,JTRGI/z6gTdEI9oeGO+OSdgixi4=
-166,-64,tXr10xfaveMhMTwSpNfeMyM98oE=,JTRGI/z6gTdEI9oeGO+OSdgixi4=
-173,-61,tXr10xfaveMhMTwSpNfeMyM98oE=,JTRGI/z6gTdEI9oeGO+OSdgixi4=
-167,-56,tXr10xfaveMhMTwSpNfeMyM98oE=,JTRGI/z6gTdEI9oeGO+OSdgixi4=
-175,-59,tXr10xfaveMhMTwSpNfeMyM98oE=,JTRGI/z6gTdEI9oeGO+OSdgixi4=
-173,-56,tXr10xfaveMhMTwSpNfeMyM98oE=,JTRGI/z6gTdEI9oeGO+OSdgixi4=
-166,-56,tXr10xfaveMhMTwSpNfeMyM98oE=,JTRGI/z6gTdEI9oeGO+OSdgixi4=
-169,-56,tXr10xfaveMhMTwSpNfeMyM98oE=,JTRGI/z6gTdEI9oeGO+OSdgixi4=
-172,-56,tXr10xfaveMhMTwSpNfeMyM98oE=,JTRGI/z6gTdEI9oeGO+OSdgixi4=
-174,-59,tXr10xfaveMhMTwSpNfeMyM98oE=,JTRGI/z6gTdEI9oeGO+OSdgixi4=
-171,-56,tXr10xfaveMhMTwSpNfeMyM98oE=,JTRGI/z6gTdEI9oeGO+OSdgixi4=
-163,-57,tXr10xfaveMhMTwSpNfeMyM98oE=,JTRGI/z6gTdEI9oeGO+OSdgixi4=
-162,-57,tXr10xfaveMhMTwSpNfeMyM98oE=,JTRGI/z6gTdEI9oeGO+OSdgixi4=
-170,-56,tXr10xfaveMhMTwSpNfeMyM98oE=,JTRGI/z6gTdEI9oeGO+OSdgixi4=
-169,-63,tXr10xfaveMhMTwSpNfeMyM98oE=,JTRGI/z6gTdEI9oeGO+OSdgixi4=
-161,-57,tXr10xfaveMhMTwSpNfeMyM98oE=,JTRGI/z6gTdEI9oeGO+OSdgixi4=
-175,-56,tXr10xfaveMhMTwSpNfeMyM98oE=,JTRGI/z6gTdEI9oeGO+OSdgixi4=
-176,-56,tXr10xfaveMhMTwSpNfeMyM98oE=,JTRGI/z6gTdEI9oeGO+OSdgixi4=
-174,-56,tXr10xfaveMhMTwSpNfeMyM98oE=,JTRGI/z6gTdEI9oeGO+OSdgixi4=
-164,-57,tXr10xfaveMhMTwSpNfeMyM98oE=,JTRGI/z6gTdEI9oeGO+OSdgixi4=
-166,-57,tXr10xfaveMhMTwSpNfeMyM98oE=,JTRGI/z6gTdEI9oeGO+OSdgixi4=
-173,-59,tXr10xfaveMhMTwSpNfeMyM98oE=,JTRGI/z6gTdEI9oeGO+OSdgixi4=
-167,-57,tXr10xfaveMhMTwSpNfeMyM98oE=,JTRGI/z6gTdEI9oeGO+OSdgixi4=
-174,-61,tXr10xfaveMhMTwSpNfeMyM98oE=,JTRGI/z6gTdEI9oeGO+OSdgixi4=
-168,-57,tXr10xfaveMhMTwSpNfeMyM98oE=,JTRGI/z6gTdEI9oeGO+OSdgixi4=
-169,-57,tXr10xfaveMhMTwSpNfeMyM98oE=,JTRGI/z6gTdEI9oeGO+OSdgixi4=
-165,-57,tXr10xfaveMhMTwSpNfeMyM98oE=,JTRGI/z6gTdEI9oeGO+OSdgixi4=
-167,-64,tXr10xfaveMhMTwSpNfeMyM98oE=,JTRGI/z6gTdEI9oeGO+OSdgixi4=
-170,-57,tXr10xfaveMhMTwSpNfeMyM98oE=,JTRGI/z6gTdEI9oeGO+OSdgixi4=
-171,-57,tXr10xfaveMhMTwSpNfeMyM98oE=,JTRGI/z6gTdEI9oeGO+OSdgixi4=
-172,-59,tXr10xfaveMhMTwSpNfeMyM98oE=,JTRGI/z6gTdEI9oeGO+OSdgixi4=
-173,-57,tXr10xfaveMhMTwSpNfeMyM98oE=,JTRGI/z6gTdEI9oeGO+OSdgixi4=
-172,-57,tXr10xfaveMhMTwSpNfeMyM98oE=,JTRGI/z6gTdEI9oeGO+OSdgixi4=
-175,-57,tXr10xfaveMhMTwSpNfeMyM98oE=,JTRGI/z6gTdEI9oeGO+OSdgixi4=
-163,-58,tXr10xfaveMhMTwSpNfeMyM98oE=,JTRGI/z6gTdEI9oeGO+OSdgixi4=
-170,-63,tXr10xfaveMhMTwSpNfeMyM98oE=,JTRGI/z6gTdEI9oeGO+OSdgixi4=
-176,-57,tXr10xfaveMhMTwSpNfeMyM98oE=,JTRGI/z6gTdEI9oeGO+OSdgixi4=
-174,-57,tXr10xfaveMhMTwSpNfeMyM98oE=,JTRGI/z6gTdEI9oeGO+OSdgixi4=
-171,-59,tXr10xfaveMhMTwSpNfeMyM98oE=,JTRGI/z6gTdEI9oeGO+OSdgixi4=
-162,-58,tXr10xfaveMhMTwSpNfeMyM98oE=,JTRGI/z6gTdEI9oeGO+OSdgixi4=
-164,-58,tXr10xfaveMhMTwSpNfeMyM98oE=,JTRGI/z6gTdEI9oeGO+OSdgixi4=
-167,-58,tXr10xfaveMhMTwSpNfeMyM98oE=,JTRGI/z6gTdEI9oeGO+OSdgixi4=
-170,-59,tXr10xfaveMhMTwSpNfeMyM98oE=,JTRGI/z6gTdEI9oeGO+OSdgixi4=
-168,-64,tXr10xfaveMhMTwSpNfeMyM98oE=,JTRGI/z6gTdEI9oeGO+OSdgixi4=
-166,-58,tXr10xfaveMhMTwSpNfeMyM98oE=,JTRGI/z6gTdEI9oeGO+OSdgixi4=
-169,-58,tXr10xfaveMhMTwSpNfeMyM98oE=,JTRGI/z6gTdEI9oeGO+OSdgixi4=
-169,-59,tXr10xfaveMhMTwSpNfeMyM98oE=,JTRGI/z6gTdEI9oeGO+OSdgixi4=
-170,-58,tXr10xfaveMhMTwSpNfeMyM98oE=,JTRGI/z6gTdEI9oeGO+OSdgixi4=
-168,-58,tXr10xfaveMhMTwSpNfeMyM98oE=,JTRGI/z6gTdEI9oeGO+OSdgixi4=
-165,-58,tXr10xfaveMhMTwSpNfeMyM98oE=,JTRGI/z6gTdEI9oeGO+OSdgixi4=
-173,-58,tXr10xfaveMhMTwSpNfeMyM98oE=,JTRGI/z6gTdEI9oeGO+OSdgixi4=
-175,-61,tXr10xfaveMhMTwSpNfeMyM98oE=,JTRGI/z6gTdEI9oeGO+OSdgixi4=
-161,-58,tXr10xfaveMhMTwSpNfeMyM98oE=,JTRGI/z6gTdEI9oeGO+OSdgixi4=
-171,-58,tXr10xfaveMhMTwSpNfeMyM98oE=,JTRGI/z6gTdEI9oeGO+OSdgixi4=
-172,-58,tXr10xfaveMhMTwSpNfeMyM98oE=,JTRGI/z6gTdEI9oeGO+OSdgixi4=
-161,-59,tXr10xfaveMhMTwSpNfeMyM98oE=,JTRGI/z6gTdEI9oeGO+OSdgixi4=
-168,-59,tXr10xfaveMhMTwSpNfeMyM98oE=,JTRGI/z6gTdEI9oeGO+OSdgixi4=
-174,-58,tXr10xfaveMhMTwSpNfeMyM98oE=,JTRGI/z6gTdEI9oeGO+OSdgixi4=
-175,-58,tXr10xfaveMhMTwSpNfeMyM98oE=,JTRGI/z6gTdEI9oeGO+OSdgixi4=
-162,-59,tXr10xfaveMhMTwSpNfeMyM98oE=,JTRGI/z6gTdEI9oeGO+OSdgixi4=
-167,-59,tXr10xfaveMhMTwSpNfeMyM98oE=,JTRGI/z6gTdEI9oeGO+OSdgixi4=
-163,-59,tXr10xfaveMhMTwSpNfeMyM98oE=,JTRGI/z6gTdEI9oeGO+OSdgixi4=
-164,-59,tXr10xfaveMhMTwSpNfeMyM98oE=,JTRGI/z6gTdEI9oeGO+OSdgixi4=
-176,-58,tXr10xfaveMhMTwSpNfeMyM98oE=,JTRGI/z6gTdEI9oeGO+OSdgixi4=
-172,-63,tXr10xfaveMhMTwSpNfeMyM98oE=,JTRGI/z6gTdEI9oeGO+OSdgixi4=
-171,-63,tXr10xfaveMhMTwSpNfeMyM98oE=,JTRGI/z6gTdEI9oeGO+OSdgixi4=
-169,-64,tXr10xfaveMhMTwSpNfeMyM98oE=,JTRGI/z6gTdEI9oeGO+OSdgixi4=
-165,-59,tXr10xfaveMhMTwSpNfeMyM98oE=,JTRGI/z6gTdEI9oeGO+OSdgixi4=
-176,-61,tXr10xfaveMhMTwSpNfeMyM98oE=,JTRGI/z6gTdEI9oeGO+OSdgixi4=
-166,-59,tXr10xfaveMhMTwSpNfeMyM98oE=,JTRGI/z6gTdEI9oeGO+OSdgixi4=
-178,-62,1VwTSEkgxcu9mP/VyxnwyngMWJM=,W+zwxIbldeSlZFU3dnFWPgnKCFU=
-178,-49,1VwTSEkgxcu9mP/VyxnwyngMWJM=,W+zwxIbldeSlZFU3dnFWPgnKCFU=
-179,-62,1VwTSEkgxcu9mP/VyxnwyngMWJM=,W+zwxIbldeSlZFU3dnFWPgnKCFU=
-180,-49,1VwTSEkgxcu9mP/VyxnwyngMWJM=,W+zwxIbldeSlZFU3dnFWPgnKCFU=
-184,-49,1VwTSEkgxcu9mP/VyxnwyngMWJM=,W+zwxIbldeSlZFU3dnFWPgnKCFU=
-182,-49,1VwTSEkgxcu9mP/VyxnwyngMWJM=,W+zwxIbldeSlZFU3dnFWPgnKCFU=
-179,-49,1VwTSEkgxcu9mP/VyxnwyngMWJM=,W+zwxIbldeSlZFU3dnFWPgnKCFU=
-189,-64,1VwTSEkgxcu9mP/VyxnwyngMWJM=,W+zwxIbldeSlZFU3dnFWPgnKCFU=
-186,-49,1VwTSEkgxcu9mP/VyxnwyngMWJM=,W+zwxIbldeSlZFU3dnFWPgnKCFU=
-181,-49,1VwTSEkgxcu9mP/VyxnwyngMWJM=,W+zwxIbldeSlZFU3dnFWPgnKCFU=
-177,-49,1VwTSEkgxcu9mP/VyxnwyngMWJM=,W+zwxIbldeSlZFU3dnFWPgnKCFU=
-183,-49,1VwTSEkgxcu9mP/VyxnwyngMWJM=,W+zwxIbldeSlZFU3dnFWPgnKCFU=
-188,-49,1VwTSEkgxcu9mP/VyxnwyngMWJM=,W+zwxIbldeSlZFU3dnFWPgnKCFU=
-189,-49,1VwTSEkgxcu9mP/VyxnwyngMWJM=,W+zwxIbldeSlZFU3dnFWPgnKCFU=
-185,-49,1VwTSEkgxcu9mP/VyxnwyngMWJM=,W+zwxIbldeSlZFU3dnFWPgnKCFU=
-177,-63,1VwTSEkgxcu9mP/VyxnwyngMWJM=,W+zwxIbldeSlZFU3dnFWPgnKCFU=
-178,-63,1VwTSEkgxcu9mP/VyxnwyngMWJM=,W+zwxIbldeSlZFU3dnFWPgnKCFU=
-191,-63,1VwTSEkgxcu9mP/VyxnwyngMWJM=,W+zwxIbldeSlZFU3dnFWPgnKCFU=
-180,-63,1VwTSEkgxcu9mP/VyxnwyngMWJM=,W+zwxIbldeSlZFU3dnFWPgnKCFU=
-187,-49,1VwTSEkgxcu9mP/VyxnwyngMWJM=,W+zwxIbldeSlZFU3dnFWPgnKCFU=
-191,-49,1VwTSEkgxcu9mP/VyxnwyngMWJM=,W+zwxIbldeSlZFU3dnFWPgnKCFU=
-190,-49,1VwTSEkgxcu9mP/VyxnwyngMWJM=,W+zwxIbldeSlZFU3dnFWPgnKCFU=
-183,-63,1VwTSEkgxcu9mP/VyxnwyngMWJM=,W+zwxIbldeSlZFU3dnFWPgnKCFU=
-179,-63,1VwTSEkgxcu9mP/VyxnwyngMWJM=,W+zwxIbldeSlZFU3dnFWPgnKCFU=
-181,-63,1VwTSEkgxcu9mP/VyxnwyngMWJM=,W+zwxIbldeSlZFU3dnFWPgnKCFU=
-185,-63,1VwTSEkgxcu9mP/VyxnwyngMWJM=,W+zwxIbldeSlZFU3dnFWPgnKCFU=
-184,-63,1VwTSEkgxcu9mP/VyxnwyngMWJM=,W+zwxIbldeSlZFU3dnFWPgnKCFU=
-182,-63,1VwTSEkgxcu9mP/VyxnwyngMWJM=,W+zwxIbldeSlZFU3dnFWPgnKCFU=
-192,-49,1VwTSEkgxcu9mP/VyxnwyngMWJM=,W+zwxIbldeSlZFU3dnFWPgnKCFU=
-188,-63,1VwTSEkgxcu9mP/VyxnwyngMWJM=,W+zwxIbldeSlZFU3dnFWPgnKCFU=
-190,-63,1VwTSEkgxcu9mP/VyxnwyngMWJM=,W+zwxIbldeSlZFU3dnFWPgnKCFU=
-177,-50,1VwTSEkgxcu9mP/VyxnwyngMWJM=,W+zwxIbldeSlZFU3dnFWPgnKCFU=
-189,-63,1VwTSEkgxcu9mP/VyxnwyngMWJM=,W+zwxIbldeSlZFU3dnFWPgnKCFU=
-180,-62,1VwTSEkgxcu9mP/VyxnwyngMWJM=,W+zwxIbldeSlZFU3dnFWPgnKCFU=
-179,-50,1VwTSEkgxcu9mP/VyxnwyngMWJM=,W+zwxIbldeSlZFU3dnFWPgnKCFU=
-190,-64,1VwTSEkgxcu9mP/VyxnwyngMWJM=,W+zwxIbldeSlZFU3dnFWPgnKCFU=
-180,-50,1VwTSEkgxcu9mP/VyxnwyngMWJM=,W+zwxIbldeSlZFU3dnFWPgnKCFU=
-186,-63,1VwTSEkgxcu9mP/VyxnwyngMWJM=,W+zwxIbldeSlZFU3dnFWPgnKCFU=
-178,-50,1VwTSEkgxcu9mP/VyxnwyngMWJM=,W+zwxIbldeSlZFU3dnFWPgnKCFU=
-187,-63,1VwTSEkgxcu9mP/VyxnwyngMWJM=,W+zwxIbldeSlZFU3dnFWPgnKCFU=
-183,-50,1VwTSEkgxcu9mP/VyxnwyngMWJM=,W+zwxIbldeSlZFU3dnFWPgnKCFU=
-186,-50,1VwTSEkgxcu9mP/VyxnwyngMWJM=,W+zwxIbldeSlZFU3dnFWPgnKCFU=
-181,-50,1VwTSEkgxcu9mP/VyxnwyngMWJM=,W+zwxIbldeSlZFU3dnFWPgnKCFU=
-187,-50,1VwTSEkgxcu9mP/VyxnwyngMWJM=,W+zwxIbldeSlZFU3dnFWPgnKCFU=
-191,-50,1VwTSEkgxcu9mP/VyxnwyngMWJM=,W+zwxIbldeSlZFU3dnFWPgnKCFU=
-189,-50,1VwTSEkgxcu9mP/VyxnwyngMWJM=,W+zwxIbldeSlZFU3dnFWPgnKCFU=
-192,-63,1VwTSEkgxcu9mP/VyxnwyngMWJM=,W+zwxIbldeSlZFU3dnFWPgnKCFU=
-190,-50,1VwTSEkgxcu9mP/VyxnwyngMWJM=,W+zwxIbldeSlZFU3dnFWPgnKCFU=
-192,-50,1VwTSEkgxcu9mP/VyxnwyngMWJM=,W+zwxIbldeSlZFU3dnFWPgnKCFU=
-178,-51,1VwTSEkgxcu9mP/VyxnwyngMWJM=,W+zwxIbldeSlZFU3dnFWPgnKCFU=
-188,-50,1VwTSEkgxcu9mP/VyxnwyngMWJM=,W+zwxIbldeSlZFU3dnFWPgnKCFU=
-184,-50,1VwTSEkgxcu9mP/VyxnwyngMWJM=,W+zwxIbldeSlZFU3dnFWPgnKCFU=
-185,-50,1VwTSEkgxcu9mP/VyxnwyngMWJM=,W+zwxIbldeSlZFU3dnFWPgnKCFU=
-182,-50,1VwTSEkgxcu9mP/VyxnwyngMWJM=,W+zwxIbldeSlZFU3dnFWPgnKCFU=
-177,-51,1VwTSEkgxcu9mP/VyxnwyngMWJM=,W+zwxIbldeSlZFU3dnFWPgnKCFU=
-177,-64,1VwTSEkgxcu9mP/VyxnwyngMWJM=,W+zwxIbldeSlZFU3dnFWPgnKCFU=
-180,-51,1VwTSEkgxcu9mP/VyxnwyngMWJM=,W+zwxIbldeSlZFU3dnFWPgnKCFU=
-179,-51,1VwTSEkgxcu9mP/VyxnwyngMWJM=,W+zwxIbldeSlZFU3dnFWPgnKCFU=
-181,-51,1VwTSEkgxcu9mP/VyxnwyngMWJM=,W+zwxIbldeSlZFU3dnFWPgnKCFU=
-182,-51,1VwTSEkgxcu9mP/VyxnwyngMWJM=,W+zwxIbldeSlZFU3dnFWPgnKCFU=
-181,-62,1VwTSEkgxcu9mP/VyxnwyngMWJM=,W+zwxIbldeSlZFU3dnFWPgnKCFU=
-184,-51,1VwTSEkgxcu9mP/VyxnwyngMWJM=,W+zwxIbldeSlZFU3dnFWPgnKCFU=
-189,-51,1VwTSEkgxcu9mP/VyxnwyngMWJM=,W+zwxIbldeSlZFU3dnFWPgnKCFU=
-188,-51,1VwTSEkgxcu9mP/VyxnwyngMWJM=,W+zwxIbldeSlZFU3dnFWPgnKCFU=
-185,-51,1VwTSEkgxcu9mP/VyxnwyngMWJM=,W+zwxIbldeSlZFU3dnFWPgnKCFU=
-190,-51,1VwTSEkgxcu9mP/VyxnwyngMWJM=,W+zwxIbldeSlZFU3dnFWPgnKCFU=
-191,-51,1VwTSEkgxcu9mP/VyxnwyngMWJM=,W+zwxIbldeSlZFU3dnFWPgnKCFU=
-187,-51,1VwTSEkgxcu9mP/VyxnwyngMWJM=,W+zwxIbldeSlZFU3dnFWPgnKCFU=
-183,-51,1VwTSEkgxcu9mP/VyxnwyngMWJM=,W+zwxIbldeSlZFU3dnFWPgnKCFU=
-186,-51,1VwTSEkgxcu9mP/VyxnwyngMWJM=,W+zwxIbldeSlZFU3dnFWPgnKCFU=
-178,-52,1VwTSEkgxcu9mP/VyxnwyngMWJM=,W+zwxIbldeSlZFU3dnFWPgnKCFU=
-191,-64,1VwTSEkgxcu9mP/VyxnwyngMWJM=,W+zwxIbldeSlZFU3dnFWPgnKCFU=
-177,-52,1VwTSEkgxcu9mP/VyxnwyngMWJM=,W+zwxIbldeSlZFU3dnFWPgnKCFU=
-178,-64,1VwTSEkgxcu9mP/VyxnwyngMWJM=,W+zwxIbldeSlZFU3dnFWPgnKCFU=
-192,-51,1VwTSEkgxcu9mP/VyxnwyngMWJM=,W+zwxIbldeSlZFU3dnFWPgnKCFU=
-179,-52,1VwTSEkgxcu9mP/VyxnwyngMWJM=,W+zwxIbldeSlZFU3dnFWPgnKCFU=
-182,-52,1VwTSEkgxcu9mP/VyxnwyngMWJM=,W+zwxIbldeSlZFU3dnFWPgnKCFU=
-185,-52,1VwTSEkgxcu9mP/VyxnwyngMWJM=,W+zwxIbldeSlZFU3dnFWPgnKCFU=
-182,-62,1VwTSEkgxcu9mP/VyxnwyngMWJM=,W+zwxIbldeSlZFU3dnFWPgnKCFU=
-181,-52,1VwTSEkgxcu9mP/VyxnwyngMWJM=,W+zwxIbldeSlZFU3dnFWPgnKCFU=
-183,-52,1VwTSEkgxcu9mP/VyxnwyngMWJM=,W+zwxIbldeSlZFU3dnFWPgnKCFU=
-184,-52,1VwTSEkgxcu9mP/VyxnwyngMWJM=,W+zwxIbldeSlZFU3dnFWPgnKCFU=
-187,-52,1VwTSEkgxcu9mP/VyxnwyngMWJM=,W+zwxIbldeSlZFU3dnFWPgnKCFU=
-180,-52,1VwTSEkgxcu9mP/VyxnwyngMWJM=,W+zwxIbldeSlZFU3dnFWPgnKCFU=
-188,-52,1VwTSEkgxcu9mP/VyxnwyngMWJM=,W+zwxIbldeSlZFU3dnFWPgnKCFU=
-178,-53,1VwTSEkgxcu9mP/VyxnwyngMWJM=,W+zwxIbldeSlZFU3dnFWPgnKCFU=
-179,-53,1VwTSEkgxcu9mP/VyxnwyngMWJM=,W+zwxIbldeSlZFU3dnFWPgnKCFU=
-180,-53,1VwTSEkgxcu9mP/VyxnwyngMWJM=,W+zwxIbldeSlZFU3dnFWPgnKCFU=
-191,-52,1VwTSEkgxcu9mP/VyxnwyngMWJM=,W+zwxIbldeSlZFU3dnFWPgnKCFU=
-183,-62,1VwTSEkgxcu9mP/VyxnwyngMWJM=,W+zwxIbldeSlZFU3dnFWPgnKCFU=
-179,-64,1VwTSEkgxcu9mP/VyxnwyngMWJM=,W+zwxIbldeSlZFU3dnFWPgnKCFU=
-190,-52,1VwTSEkgxcu9mP/VyxnwyngMWJM=,W+zwxIbldeSlZFU3dnFWPgnKCFU=
-192,-52,1VwTSEkgxcu9mP/VyxnwyngMWJM=,W+zwxIbldeSlZFU3dnFWPgnKCFU=
-189,-52,1VwTSEkgxcu9mP/VyxnwyngMWJM=,W+zwxIbldeSlZFU3dnFWPgnKCFU=
-181,-53,1VwTSEkgxcu9mP/VyxnwyngMWJM=,W+zwxIbldeSlZFU3dnFWPgnKCFU=
-184,-53,1VwTSEkgxcu9mP/VyxnwyngMWJM=,W+zwxIbldeSlZFU3dnFWPgnKCFU=
-185,-53,1VwTSEkgxcu9mP/VyxnwyngMWJM=,W+zwxIbldeSlZFU3dnFWPgnKCFU=
-186,-52,1VwTSEkgxcu9mP/VyxnwyngMWJM=,W+zwxIbldeSlZFU3dnFWPgnKCFU=
-183,-53,1VwTSEkgxcu9mP/VyxnwyngMWJM=,W+zwxIbldeSlZFU3dnFWPgnKCFU=
-182,-53,1VwTSEkgxcu9mP/VyxnwyngMWJM=,W+zwxIbldeSlZFU3dnFWPgnKCFU=
-192,-53,1VwTSEkgxcu9mP/VyxnwyngMWJM=,W+zwxIbldeSlZFU3dnFWPgnKCFU=
-189,-53,1VwTSEkgxcu9mP/VyxnwyngMWJM=,W+zwxIbldeSlZFU3dnFWPgnKCFU=
-177,-54,1VwTSEkgxcu9mP/VyxnwyngMWJM=,W+zwxIbldeSlZFU3dnFWPgnKCFU=
-188,-53,1VwTSEkgxcu9mP/VyxnwyngMWJM=,W+zwxIbldeSlZFU3dnFWPgnKCFU=
-186,-53,1VwTSEkgxcu9mP/VyxnwyngMWJM=,W+zwxIbldeSlZFU3dnFWPgnKCFU=
-179,-54,1VwTSEkgxcu9mP/VyxnwyngMWJM=,W+zwxIbldeSlZFU3dnFWPgnKCFU=
-178,-54,1VwTSEkgxcu9mP/VyxnwyngMWJM=,W+zwxIbldeSlZFU3dnFWPgnKCFU=
-190,-53,1VwTSEkgxcu9mP/VyxnwyngMWJM=,W+zwxIbldeSlZFU3dnFWPgnKCFU=
-177,-53,1VwTSEkgxcu9mP/VyxnwyngMWJM=,W+zwxIbldeSlZFU3dnFWPgnKCFU=
-191,-53,1VwTSEkgxcu9mP/VyxnwyngMWJM=,W+zwxIbldeSlZFU3dnFWPgnKCFU=
-187,-53,1VwTSEkgxcu9mP/VyxnwyngMWJM=,W+zwxIbldeSlZFU3dnFWPgnKCFU=
-184,-62,1VwTSEkgxcu9mP/VyxnwyngMWJM=,W+zwxIbldeSlZFU3dnFWPgnKCFU=
-180,-54,1VwTSEkgxcu9mP/VyxnwyngMWJM=,W+zwxIbldeSlZFU3dnFWPgnKCFU=
-180,-64,1VwTSEkgxcu9mP/VyxnwyngMWJM=,W+zwxIbldeSlZFU3dnFWPgnKCFU=
-185,-54,1VwTSEkgxcu9mP/VyxnwyngMWJM=,W+zwxIbldeSlZFU3dnFWPgnKCFU=
-182,-54,1VwTSEkgxcu9mP/VyxnwyngMWJM=,W+zwxIbldeSlZFU3dnFWPgnKCFU=
-186,-54,1VwTSEkgxcu9mP/VyxnwyngMWJM=,W+zwxIbldeSlZFU3dnFWPgnKCFU=
-181,-54,1VwTSEkgxcu9mP/VyxnwyngMWJM=,W+zwxIbldeSlZFU3dnFWPgnKCFU=
-187,-54,1VwTSEkgxcu9mP/VyxnwyngMWJM=,W+zwxIbldeSlZFU3dnFWPgnKCFU=
-183,-54,1VwTSEkgxcu9mP/VyxnwyngMWJM=,W+zwxIbldeSlZFU3dnFWPgnKCFU=
-184,-54,1VwTSEkgxcu9mP/VyxnwyngMWJM=,W+zwxIbldeSlZFU3dnFWPgnKCFU=
-191,-54,1VwTSEkgxcu9mP/VyxnwyngMWJM=,W+zwxIbldeSlZFU3dnFWPgnKCFU=
-189,-54,1VwTSEkgxcu9mP/VyxnwyngMWJM=,W+zwxIbldeSlZFU3dnFWPgnKCFU=
-177,-55,1VwTSEkgxcu9mP/VyxnwyngMWJM=,W+zwxIbldeSlZFU3dnFWPgnKCFU=
-190,-54,1VwTSEkgxcu9mP/VyxnwyngMWJM=,W+zwxIbldeSlZFU3dnFWPgnKCFU=
-179,-55,1VwTSEkgxcu9mP/VyxnwyngMWJM=,W+zwxIbldeSlZFU3dnFWPgnKCFU=
-192,-54,1VwTSEkgxcu9mP/VyxnwyngMWJM=,W+zwxIbldeSlZFU3dnFWPgnKCFU=
-178,-55,1VwTSEkgxcu9mP/VyxnwyngMWJM=,W+zwxIbldeSlZFU3dnFWPgnKCFU=
-188,-54,1VwTSEkgxcu9mP/VyxnwyngMWJM=,W+zwxIbldeSlZFU3dnFWPgnKCFU=
-181,-64,1VwTSEkgxcu9mP/VyxnwyngMWJM=,W+zwxIbldeSlZFU3dnFWPgnKCFU=
-184,-55,1VwTSEkgxcu9mP/VyxnwyngMWJM=,W+zwxIbldeSlZFU3dnFWPgnKCFU=
-183,-55,1VwTSEkgxcu9mP/VyxnwyngMWJM=,W+zwxIbldeSlZFU3dnFWPgnKCFU=
-181,-55,1VwTSEkgxcu9mP/VyxnwyngMWJM=,W+zwxIbldeSlZFU3dnFWPgnKCFU=
-180,-55,1VwTSEkgxcu9mP/VyxnwyngMWJM=,W+zwxIbldeSlZFU3dnFWPgnKCFU=
-177,-56,1VwTSEkgxcu9mP/VyxnwyngMWJM=,W+zwxIbldeSlZFU3dnFWPgnKCFU=
-190,-55,1VwTSEkgxcu9mP/VyxnwyngMWJM=,W+zwxIbldeSlZFU3dnFWPgnKCFU=
-187,-55,1VwTSEkgxcu9mP/VyxnwyngMWJM=,W+zwxIbldeSlZFU3dnFWPgnKCFU=
-191,-55,1VwTSEkgxcu9mP/VyxnwyngMWJM=,W+zwxIbldeSlZFU3dnFWPgnKCFU=
-182,-55,1VwTSEkgxcu9mP/VyxnwyngMWJM=,W+zwxIbldeSlZFU3dnFWPgnKCFU=
-192,-55,1VwTSEkgxcu9mP/VyxnwyngMWJM=,W+zwxIbldeSlZFU3dnFWPgnKCFU=
-178,-56,1VwTSEkgxcu9mP/VyxnwyngMWJM=,W+zwxIbldeSlZFU3dnFWPgnKCFU=
-182,-56,1VwTSEkgxcu9mP/VyxnwyngMWJM=,W+zwxIbldeSlZFU3dnFWPgnKCFU=
-185,-55,1VwTSEkgxcu9mP/VyxnwyngMWJM=,W+zwxIbldeSlZFU3dnFWPgnKCFU=
-180,-56,1VwTSEkgxcu9mP/VyxnwyngMWJM=,W+zwxIbldeSlZFU3dnFWPgnKCFU=
-185,-62,1VwTSEkgxcu9mP/VyxnwyngMWJM=,W+zwxIbldeSlZFU3dnFWPgnKCFU=
-189,-55,1VwTSEkgxcu9mP/VyxnwyngMWJM=,W+zwxIbldeSlZFU3dnFWPgnKCFU=
-188,-55,1VwTSEkgxcu9mP/VyxnwyngMWJM=,W+zwxIbldeSlZFU3dnFWPgnKCFU=
-179,-56,1VwTSEkgxcu9mP/VyxnwyngMWJM=,W+zwxIbldeSlZFU3dnFWPgnKCFU=
-186,-55,1VwTSEkgxcu9mP/VyxnwyngMWJM=,W+zwxIbldeSlZFU3dnFWPgnKCFU=
-186,-62,1VwTSEkgxcu9mP/VyxnwyngMWJM=,W+zwxIbldeSlZFU3dnFWPgnKCFU=
-185,-56,1VwTSEkgxcu9mP/VyxnwyngMWJM=,W+zwxIbldeSlZFU3dnFWPgnKCFU=
-184,-56,1VwTSEkgxcu9mP/VyxnwyngMWJM=,W+zwxIbldeSlZFU3dnFWPgnKCFU=
-182,-64,1VwTSEkgxcu9mP/VyxnwyngMWJM=,W+zwxIbldeSlZFU3dnFWPgnKCFU=
-181,-56,1VwTSEkgxcu9mP/VyxnwyngMWJM=,W+zwxIbldeSlZFU3dnFWPgnKCFU=
-191,-56,1VwTSEkgxcu9mP/VyxnwyngMWJM=,W+zwxIbldeSlZFU3dnFWPgnKCFU=
-190,-56,1VwTSEkgxcu9mP/VyxnwyngMWJM=,W+zwxIbldeSlZFU3dnFWPgnKCFU=
-192,-56,1VwTSEkgxcu9mP/VyxnwyngMWJM=,W+zwxIbldeSlZFU3dnFWPgnKCFU=
-183,-56,1VwTSEkgxcu9mP/VyxnwyngMWJM=,W+zwxIbldeSlZFU3dnFWPgnKCFU=
-178,-57,1VwTSEkgxcu9mP/VyxnwyngMWJM=,W+zwxIbldeSlZFU3dnFWPgnKCFU=
-180,-57,1VwTSEkgxcu9mP/VyxnwyngMWJM=,W+zwxIbldeSlZFU3dnFWPgnKCFU=
-188,-56,1VwTSEkgxcu9mP/VyxnwyngMWJM=,W+zwxIbldeSlZFU3dnFWPgnKCFU=
-181,-57,1VwTSEkgxcu9mP/VyxnwyngMWJM=,W+zwxIbldeSlZFU3dnFWPgnKCFU=
-182,-57,1VwTSEkgxcu9mP/VyxnwyngMWJM=,W+zwxIbldeSlZFU3dnFWPgnKCFU=
-189,-56,1VwTSEkgxcu9mP/VyxnwyngMWJM=,W+zwxIbldeSlZFU3dnFWPgnKCFU=
-183,-57,1VwTSEkgxcu9mP/VyxnwyngMWJM=,W+zwxIbldeSlZFU3dnFWPgnKCFU=
-179,-57,1VwTSEkgxcu9mP/VyxnwyngMWJM=,W+zwxIbldeSlZFU3dnFWPgnKCFU=
-183,-64,1VwTSEkgxcu9mP/VyxnwyngMWJM=,W+zwxIbldeSlZFU3dnFWPgnKCFU=
-187,-62,1VwTSEkgxcu9mP/VyxnwyngMWJM=,W+zwxIbldeSlZFU3dnFWPgnKCFU=
-187,-56,1VwTSEkgxcu9mP/VyxnwyngMWJM=,W+zwxIbldeSlZFU3dnFWPgnKCFU=
-186,-56,1VwTSEkgxcu9mP/VyxnwyngMWJM=,W+zwxIbldeSlZFU3dnFWPgnKCFU=
-177,-57,1VwTSEkgxcu9mP/VyxnwyngMWJM=,W+zwxIbldeSlZFU3dnFWPgnKCFU=
-185,-57,1VwTSEkgxcu9mP/VyxnwyngMWJM=,W+zwxIbldeSlZFU3dnFWPgnKCFU=
-186,-57,1VwTSEkgxcu9mP/VyxnwyngMWJM=,W+zwxIbldeSlZFU3dnFWPgnKCFU=
-184,-57,1VwTSEkgxcu9mP/VyxnwyngMWJM=,W+zwxIbldeSlZFU3dnFWPgnKCFU=
-187,-57,1VwTSEkgxcu9mP/VyxnwyngMWJM=,W+zwxIbldeSlZFU3dnFWPgnKCFU=
-188,-57,1VwTSEkgxcu9mP/VyxnwyngMWJM=,W+zwxIbldeSlZFU3dnFWPgnKCFU=
-189,-57,1VwTSEkgxcu9mP/VyxnwyngMWJM=,W+zwxIbldeSlZFU3dnFWPgnKCFU=
-190,-57,1VwTSEkgxcu9mP/VyxnwyngMWJM=,W+zwxIbldeSlZFU3dnFWPgnKCFU=
-177,-58,1VwTSEkgxcu9mP/VyxnwyngMWJM=,W+zwxIbldeSlZFU3dnFWPgnKCFU=
-191,-57,1VwTSEkgxcu9mP/VyxnwyngMWJM=,W+zwxIbldeSlZFU3dnFWPgnKCFU=
-179,-58,1VwTSEkgxcu9mP/VyxnwyngMWJM=,W+zwxIbldeSlZFU3dnFWPgnKCFU=
-178,-58,1VwTSEkgxcu9mP/VyxnwyngMWJM=,W+zwxIbldeSlZFU3dnFWPgnKCFU=
-192,-57,1VwTSEkgxcu9mP/VyxnwyngMWJM=,W+zwxIbldeSlZFU3dnFWPgnKCFU=
-181,-58,1VwTSEkgxcu9mP/VyxnwyngMWJM=,W+zwxIbldeSlZFU3dnFWPgnKCFU=
-183,-58,1VwTSEkgxcu9mP/VyxnwyngMWJM=,W+zwxIbldeSlZFU3dnFWPgnKCFU=
-184,-64,1VwTSEkgxcu9mP/VyxnwyngMWJM=,W+zwxIbldeSlZFU3dnFWPgnKCFU=
-185,-58,1VwTSEkgxcu9mP/VyxnwyngMWJM=,W+zwxIbldeSlZFU3dnFWPgnKCFU=
-180,-58,1VwTSEkgxcu9mP/VyxnwyngMWJM=,W+zwxIbldeSlZFU3dnFWPgnKCFU=
-188,-58,1VwTSEkgxcu9mP/VyxnwyngMWJM=,W+zwxIbldeSlZFU3dnFWPgnKCFU=
-182,-58,1VwTSEkgxcu9mP/VyxnwyngMWJM=,W+zwxIbldeSlZFU3dnFWPgnKCFU=
-184,-58,1VwTSEkgxcu9mP/VyxnwyngMWJM=,W+zwxIbldeSlZFU3dnFWPgnKCFU=
-187,-58,1VwTSEkgxcu9mP/VyxnwyngMWJM=,W+zwxIbldeSlZFU3dnFWPgnKCFU=
-189,-58,1VwTSEkgxcu9mP/VyxnwyngMWJM=,W+zwxIbldeSlZFU3dnFWPgnKCFU=
-186,-58,1VwTSEkgxcu9mP/VyxnwyngMWJM=,W+zwxIbldeSlZFU3dnFWPgnKCFU=
-192,-58,1VwTSEkgxcu9mP/VyxnwyngMWJM=,W+zwxIbldeSlZFU3dnFWPgnKCFU=
-188,-62,1VwTSEkgxcu9mP/VyxnwyngMWJM=,W+zwxIbldeSlZFU3dnFWPgnKCFU=
-191,-58,1VwTSEkgxcu9mP/VyxnwyngMWJM=,W+zwxIbldeSlZFU3dnFWPgnKCFU=
-179,-59,1VwTSEkgxcu9mP/VyxnwyngMWJM=,W+zwxIbldeSlZFU3dnFWPgnKCFU=
-180,-59,1VwTSEkgxcu9mP/VyxnwyngMWJM=,W+zwxIbldeSlZFU3dnFWPgnKCFU=
-190,-58,1VwTSEkgxcu9mP/VyxnwyngMWJM=,W+zwxIbldeSlZFU3dnFWPgnKCFU=
-177,-59,1VwTSEkgxcu9mP/VyxnwyngMWJM=,W+zwxIbldeSlZFU3dnFWPgnKCFU=
-181,-59,1VwTSEkgxcu9mP/VyxnwyngMWJM=,W+zwxIbldeSlZFU3dnFWPgnKCFU=
-182,-59,1VwTSEkgxcu9mP/VyxnwyngMWJM=,W+zwxIbldeSlZFU3dnFWPgnKCFU=
-184,-59,1VwTSEkgxcu9mP/VyxnwyngMWJM=,W+zwxIbldeSlZFU3dnFWPgnKCFU=
-186,-59,1VwTSEkgxcu9mP/VyxnwyngMWJM=,W+zwxIbldeSlZFU3dnFWPgnKCFU=
-185,-64,1VwTSEkgxcu9mP/VyxnwyngMWJM=,W+zwxIbldeSlZFU3dnFWPgnKCFU=
-178,-59,1VwTSEkgxcu9mP/VyxnwyngMWJM=,W+zwxIbldeSlZFU3dnFWPgnKCFU=
-188,-59,1VwTSEkgxcu9mP/VyxnwyngMWJM=,W+zwxIbldeSlZFU3dnFWPgnKCFU=
-189,-59,1VwTSEkgxcu9mP/VyxnwyngMWJM=,W+zwxIbldeSlZFU3dnFWPgnKCFU=
-187,-59,1VwTSEkgxcu9mP/VyxnwyngMWJM=,W+zwxIbldeSlZFU3dnFWPgnKCFU=
-192,-59,1VwTSEkgxcu9mP/VyxnwyngMWJM=,W+zwxIbldeSlZFU3dnFWPgnKCFU=
-191,-59,1VwTSEkgxcu9mP/VyxnwyngMWJM=,W+zwxIbldeSlZFU3dnFWPgnKCFU=
-189,-62,1VwTSEkgxcu9mP/VyxnwyngMWJM=,W+zwxIbldeSlZFU3dnFWPgnKCFU=
-179,-60,1VwTSEkgxcu9mP/VyxnwyngMWJM=,W+zwxIbldeSlZFU3dnFWPgnKCFU=
-178,-60,1VwTSEkgxcu9mP/VyxnwyngMWJM=,W+zwxIbldeSlZFU3dnFWPgnKCFU=
-177,-60,1VwTSEkgxcu9mP/VyxnwyngMWJM=,W+zwxIbldeSlZFU3dnFWPgnKCFU=
-183,-59,1VwTSEkgxcu9mP/VyxnwyngMWJM=,W+zwxIbldeSlZFU3dnFWPgnKCFU=
-186,-64,1VwTSEkgxcu9mP/VyxnwyngMWJM=,W+zwxIbldeSlZFU3dnFWPgnKCFU=
-181,-60,1VwTSEkgxcu9mP/VyxnwyngMWJM=,W+zwxIbldeSlZFU3dnFWPgnKCFU=
-185,-59,1VwTSEkgxcu9mP/VyxnwyngMWJM=,W+zwxIbldeSlZFU3dnFWPgnKCFU=
-180,-60,1VwTSEkgxcu9mP/VyxnwyngMWJM=,W+zwxIbldeSlZFU3dnFWPgnKCFU=
-184,-60,1VwTSEkgxcu9mP/VyxnwyngMWJM=,W+zwxIbldeSlZFU3dnFWPgnKCFU=
-183,-60,1VwTSEkgxcu9mP/VyxnwyngMWJM=,W+zwxIbldeSlZFU3dnFWPgnKCFU=
-190,-59,1VwTSEkgxcu9mP/VyxnwyngMWJM=,W+zwxIbldeSlZFU3dnFWPgnKCFU=
-187,-60,1VwTSEkgxcu9mP/VyxnwyngMWJM=,W+zwxIbldeSlZFU3dnFWPgnKCFU=
-185,-60,1VwTSEkgxcu9mP/VyxnwyngMWJM=,W+zwxIbldeSlZFU3dnFWPgnKCFU=
-182,-60,1VwTSEkgxcu9mP/VyxnwyngMWJM=,W+zwxIbldeSlZFU3dnFWPgnKCFU=
-187,-64,1VwTSEkgxcu9mP/VyxnwyngMWJM=,W+zwxIbldeSlZFU3dnFWPgnKCFU=
-186,-60,1VwTSEkgxcu9mP/VyxnwyngMWJM=,W+zwxIbldeSlZFU3dnFWPgnKCFU=
-190,-62,1VwTSEkgxcu9mP/VyxnwyngMWJM=,W+zwxIbldeSlZFU3dnFWPgnKCFU=
-190,-60,1VwTSEkgxcu9mP/VyxnwyngMWJM=,W+zwxIbldeSlZFU3dnFWPgnKCFU=
-192,-60,1VwTSEkgxcu9mP/VyxnwyngMWJM=,W+zwxIbldeSlZFU3dnFWPgnKCFU=
-191,-60,1VwTSEkgxcu9mP/VyxnwyngMWJM=,W+zwxIbldeSlZFU3dnFWPgnKCFU=
-192,-64,1VwTSEkgxcu9mP/VyxnwyngMWJM=,W+zwxIbldeSlZFU3dnFWPgnKCFU=
-189,-60,1VwTSEkgxcu9mP/VyxnwyngMWJM=,W+zwxIbldeSlZFU3dnFWPgnKCFU=
-191,-62,1VwTSEkgxcu9mP/VyxnwyngMWJM=,W+zwxIbldeSlZFU3dnFWPgnKCFU=
-180,-61,1VwTSEkgxcu9mP/VyxnwyngMWJM=,W+zwxIbldeSlZFU3dnFWPgnKCFU=
-178,-61,1VwTSEkgxcu9mP/VyxnwyngMWJM=,W+zwxIbldeSlZFU3dnFWPgnKCFU=
-179,-61,1VwTSEkgxcu9mP/VyxnwyngMWJM=,W+zwxIbldeSlZFU3dnFWPgnKCFU=
-181,-61,1VwTSEkgxcu9mP/VyxnwyngMWJM=,W+zwxIbldeSlZFU3dnFWPgnKCFU=
-177,-61,1VwTSEkgxcu9mP/VyxnwyngMWJM=,W+zwxIbldeSlZFU3dnFWPgnKCFU=
-184,-61,1VwTSEkgxcu9mP/VyxnwyngMWJM=,W+zwxIbldeSlZFU3dnFWPgnKCFU=
-186,-61,1VwTSEkgxcu9mP/VyxnwyngMWJM=,W+zwxIbldeSlZFU3dnFWPgnKCFU=
-185,-61,1VwTSEkgxcu9mP/VyxnwyngMWJM=,W+zwxIbldeSlZFU3dnFWPgnKCFU=
-183,-61,1VwTSEkgxcu9mP/VyxnwyngMWJM=,W+zwxIbldeSlZFU3dnFWPgnKCFU=
-188,-60,1VwTSEkgxcu9mP/VyxnwyngMWJM=,W+zwxIbldeSlZFU3dnFWPgnKCFU=
-182,-61,1VwTSEkgxcu9mP/VyxnwyngMWJM=,W+zwxIbldeSlZFU3dnFWPgnKCFU=
-192,-62,1VwTSEkgxcu9mP/VyxnwyngMWJM=,W+zwxIbldeSlZFU3dnFWPgnKCFU=
-190,-61,1VwTSEkgxcu9mP/VyxnwyngMWJM=,W+zwxIbldeSlZFU3dnFWPgnKCFU=
-187,-61,1VwTSEkgxcu9mP/VyxnwyngMWJM=,W+zwxIbldeSlZFU3dnFWPgnKCFU=
-192,-61,1VwTSEkgxcu9mP/VyxnwyngMWJM=,W+zwxIbldeSlZFU3dnFWPgnKCFU=
-189,-61,1VwTSEkgxcu9mP/VyxnwyngMWJM=,W+zwxIbldeSlZFU3dnFWPgnKCFU=
-188,-61,1VwTSEkgxcu9mP/VyxnwyngMWJM=,W+zwxIbldeSlZFU3dnFWPgnKCFU=
-191,-61,1VwTSEkgxcu9mP/VyxnwyngMWJM=,W+zwxIbldeSlZFU3dnFWPgnKCFU=
-177,-62,1VwTSEkgxcu9mP/VyxnwyngMWJM=,W+zwxIbldeSlZFU3dnFWPgnKCFU=
-188,-64,1VwTSEkgxcu9mP/VyxnwyngMWJM=,W+zwxIbldeSlZFU3dnFWPgnKCFU=
