155,-94,CRH+XO5/RQIlOxEYMhnliN60RfA=,lye744hWgaPfoW7hxtzkbZKXDMg=
159,-95,CRH+XO5/RQIlOxEYMhnliN60RfA=,lye744hWgaPfoW7hxtzkbZKXDMg=
156,-93,CRH+XO5/RQIlOxEYMhnliN60RfA=,lye744hWgaPfoW7hxtzkbZKXDMg=
147,-96,CRH+XO5/RQIlOxEYMhnliN60RfA=,lye744hWgaPfoW7hxtzkbZKXDMg=
156,-94,CRH+XO5/RQIlOxEYMhnliN60RfA=,lye744hWgaPfoW7hxtzkbZKXDMg=
154,-94,CRH+XO5/RQIlOxEYMhnliN60RfA=,lye744hWgaPfoW7hxtzkbZKXDMg=
159,-81,CRH+XO5/RQIlOxEYMhnliN60RfA=,lye744hWgaPfoW7hxtzkbZKXDMg=
157,-94,CRH+XO5/RQIlOxEYMhnliN60RfA=,lye744hWgaPfoW7hxtzkbZKXDMg=
153,-94,CRH+XO5/RQIlOxEYMhnliN60RfA=,lye744hWgaPfoW7hxtzkbZKXDMg=
150,-94,CRH+XO5/RQIlOxEYMhnliN60RfA=,lye744hWgaPfoW7hxtzkbZKXDMg=
151,-94,CRH+XO5/RQIlOxEYMhnliN60RfA=,lye744hWgaPfoW7hxtzkbZKXDMg=
152,-94,CRH+XO5/RQIlOxEYMhnliN60RfA=,lye744hWgaPfoW7hxtzkbZKXDMg=
158,-94,CRH+XO5/RQIlOxEYMhnliN60RfA=,lye744hWgaPfoW7hxtzkbZKXDMg=
146,-94,CRH+XO5/RQIlOxEYMhnliN60RfA=,lye744hWgaPfoW7hxtzkbZKXDMg=
158,-81,CRH+XO5/RQIlOxEYMhnliN60RfA=,lye744hWgaPfoW7hxtzkbZKXDMg=
156,-81,CRH+XO5/RQIlOxEYMhnliN60RfA=,lye744hWgaPfoW7hxtzkbZKXDMg=
148,-96,CRH+XO5/RQIlOxEYMhnliN60RfA=,lye744hWgaPfoW7hxtzkbZKXDMg=
157,-81,CRH+XO5/RQIlOxEYMhnliN60RfA=,lye744hWgaPfoW7hxtzkbZKXDMg=
149,-94,CRH+XO5/RQIlOxEYMhnliN60RfA=,lye744hWgaPfoW7hxtzkbZKXDMg=
153,-81,CRH+XO5/RQIlOxEYMhnliN60RfA=,lye744hWgaPfoW7hxtzkbZKXDMg=
152,-81,CRH+XO5/RQIlOxEYMhnliN60RfA=,lye744hWgaPfoW7hxtzkbZKXDMg=
148,-94,CRH+XO5/RQIlOxEYMhnliN60RfA=,lye744hWgaPfoW7hxtzkbZKXDMg=
155,-81,CRH+XO5/RQIlOxEYMhnliN60RfA=,lye744hWgaPfoW7hxtzkbZKXDMg=
157,-93,CRH+XO5/RQIlOxEYMhnliN60RfA=,lye744hWgaPfoW7hxtzkbZKXDMg=
155,-93,CRH+XO5/RQIlOxEYMhnliN60RfA=,lye744hWgaPfoW7hxtzkbZKXDMg=
148,-81,CRH+XO5/RQIlOxEYMhnliN60RfA=,lye744hWgaPfoW7hxtzkbZKXDMg=
146,-81,CRH+XO5/RQIlOxEYMhnliN60RfA=,lye744hWgaPfoW7hxtzkbZKXDMg=
147,-81,CRH+XO5/RQIlOxEYMhnliN60RfA=,lye744hWgaPfoW7hxtzkbZKXDMg=
158,-93,CRH+XO5/RQIlOxEYMhnliN60RfA=,lye744hWgaPfoW7hxtzkbZKXDMg=
146,-96,CRH+XO5/RQIlOxEYMhnliN60RfA=,lye744hWgaPfoW7hxtzkbZKXDMg=
145,-81,CRH+XO5/RQIlOxEYMhnliN60RfA=,lye744hWgaPfoW7hxtzkbZKXDMg=
145,-94,CRH+XO5/RQIlOxEYMhnliN60RfA=,lye744hWgaPfoW7hxtzkbZKXDMg=
150,-81,CRH+XO5/RQIlOxEYMhnliN60RfA=,lye744hWgaPfoW7hxtzkbZKXDMg=
151,-81,CRH+XO5/RQIlOxEYMhnliN60RfA=,lye744hWgaPfoW7hxtzkbZKXDMg=
149,-81,CRH+XO5/RQIlOxEYMhnliN60RfA=,lye744hWgaPfoW7hxtzkbZKXDMg=
147,-94,CRH+XO5/RQIlOxEYMhnliN60RfA=,lye744hWgaPfoW7hxtzkbZKXDMg=
154,-93,CRH+XO5/RQIlOxEYMhnliN60RfA=,lye744hWgaPfoW7hxtzkbZKXDMg=
154,-81,CRH+XO5/RQIlOxEYMhnliN60RfA=,lye744hWgaPfoW7hxtzkbZKXDMg=
144,-81,CRH+XO5/RQIlOxEYMhnliN60RfA=,lye744hWgaPfoW7hxtzkbZKXDMg=
158,-95,CRH+XO5/RQIlOxEYMhnliN60RfA=,lye744hWgaPfoW7hxtzkbZKXDMg=
153,-82,CRH+XO5/RQIlOxEYMhnliN60RfA=,lye744hWgaPfoW7hxtzkbZKXDMg=
157,-82,CRH+XO5/RQIlOxEYMhnliN60RfA=,lye744hWgaPfoW7hxtzkbZKXDMg=
155,-82,CRH+XO5/RQIlOxEYMhnliN60RfA=,lye744hWgaPfoW7hxtzkbZKXDMg=
159,-93,CRH+XO5/RQIlOxEYMhnliN60RfA=,lye744hWgaPfoW7hxtzkbZKXDMg=
148,-82,CRH+XO5/RQIlOxEYMhnliN60RfA=,lye744hWgaPfoW7hxtzkbZKXDMg=
149,-82,CRH+XO5/RQIlOxEYMhnliN60RfA=,lye744hWgaPfoW7hxtzkbZKXDMg=
152,-82,CRH+XO5/RQIlOxEYMhnliN60RfA=,lye744hWgaPfoW7hxtzkbZKXDMg=
153,-93,CRH+XO5/RQIlOxEYMhnliN60RfA=,lye744hWgaPfoW7hxtzkbZKXDMg=
147,-82,CRH+XO5/RQIlOxEYMhnliN60RfA=,lye744hWgaPfoW7hxtzkbZKXDMg=
151,-82,CRH+XO5/RQIlOxEYMhnliN60RfA=,lye744hWgaPfoW7hxtzkbZKXDMg=
146,-82,CRH+XO5/RQIlOxEYMhnliN60RfA=,lye744hWgaPfoW7hxtzkbZKXDMg=
158,-82,CRH+XO5/RQIlOxEYMhnliN60RfA=,lye744hWgaPfoW7hxtzkbZKXDMg=
145,-82,CRH+XO5/RQIlOxEYMhnliN60RfA=,lye744hWgaPfoW7hxtzkbZKXDMg=
149,-96,CRH+XO5/RQIlOxEYMhnliN60RfA=,lye744hWgaPfoW7hxtzkbZKXDMg=
145,-95,CRH+XO5/RQIlOxEYMhnliN60RfA=,lye744hWgaPfoW7hxtzkbZKXDMg=
144,-95,CRH+XO5/RQIlOxEYMhnliN60RfA=,lye744hWgaPfoW7hxtzkbZKXDMg=
145,-96,CRH+XO5/RQIlOxEYMhnliN60RfA=,lye744hWgaPfoW7hxtzkbZKXDMg=
157,-83,CRH+XO5/RQIlOxEYMhnliN60RfA=,lye744hWgaPfoW7hxtzkbZKXDMg=
144,-82,CRH+XO5/RQIlOxEYMhnliN60RfA=,lye744hWgaPfoW7hxtzkbZKXDMg=
159,-83,CRH+XO5/RQIlOxEYMhnliN60RfA=,lye744hWgaPfoW7hxtzkbZKXDMg=
153,-83,CRH+XO5/RQIlOxEYMhnliN60RfA=,lye744hWgaPfoW7hxtzkbZKXDMg=
158,-83,CRH+XO5/RQIlOxEYMhnliN60RfA=,lye744hWgaPfoW7hxtzkbZKXDMg=
156,-83,CRH+XO5/RQIlOxEYMhnliN60RfA=,lye744hWgaPfoW7hxtzkbZKXDMg=
154,-83,CRH+XO5/RQIlOxEYMhnliN60RfA=,lye744hWgaPfoW7hxtzkbZKXDMg=
150,-83,CRH+XO5/RQIlOxEYMhnliN60RfA=,lye744hWgaPfoW7hxtzkbZKXDMg=
152,-83,CRH+XO5/RQIlOxEYMhnliN60RfA=,lye744hWgaPfoW7hxtzkbZKXDMg=
151,-83,CRH+XO5/RQIlOxEYMhnliN60RfA=,lye744hWgaPfoW7hxtzkbZKXDMg=
148,-83,CRH+XO5/RQIlOxEYMhnliN60RfA=,lye744hWgaPfoW7hxtzkbZKXDMg=
149,-83,CRH+XO5/RQIlOxEYMhnliN60RfA=,lye744hWgaPfoW7hxtzkbZKXDMg=
157,-95,CRH+XO5/RQIlOxEYMhnliN60RfA=,lye744hWgaPfoW7hxtzkbZKXDMg=
144,-92,CRH+XO5/RQIlOxEYMhnliN60RfA=,lye744hWgaPfoW7hxtzkbZKXDMg=
144,-94,CRH+XO5/RQIlOxEYMhnliN60RfA=,lye744hWgaPfoW7hxtzkbZKXDMg=
152,-93,CRH+XO5/RQIlOxEYMhnliN60RfA=,lye744hWgaPfoW7hxtzkbZKXDMg=
150,-82,CRH+XO5/RQIlOxEYMhnliN60RfA=,lye744hWgaPfoW7hxtzkbZKXDMg=
159,-82,CRH+XO5/RQIlOxEYMhnliN60RfA=,lye744hWgaPfoW7hxtzkbZKXDMg=
154,-82,CRH+XO5/RQIlOxEYMhnliN60RfA=,lye744hWgaPfoW7hxtzkbZKXDMg=
156,-82,CRH+XO5/RQIlOxEYMhnliN60RfA=,lye744hWgaPfoW7hxtzkbZKXDMg=
155,-83,CRH+XO5/RQIlOxEYMhnliN60RfA=,lye744hWgaPfoW7hxtzkbZKXDMg=
159,-84,CRH+XO5/RQIlOxEYMhnliN60RfA=,lye744hWgaPfoW7hxtzkbZKXDMg=
159,-96,CRH+XO5/RQIlOxEYMhnliN60RfA=,lye744hWgaPfoW7hxtzkbZKXDMg=
147,-83,CRH+XO5/RQIlOxEYMhnliN60RfA=,lye744hWgaPfoW7hxtzkbZKXDMg=
146,-95,CRH+XO5/RQIlOxEYMhnliN60RfA=,lye744hWgaPfoW7hxtzkbZKXDMg=
156,-95,CRH+XO5/RQIlOxEYMhnliN60RfA=,lye744hWgaPfoW7hxtzkbZKXDMg=
152,-84,CRH+XO5/RQIlOxEYMhnliN60RfA=,lye744hWgaPfoW7hxtzkbZKXDMg=
144,-83,CRH+XO5/RQIlOxEYMhnliN60RfA=,lye744hWgaPfoW7hxtzkbZKXDMg=
158,-84,CRH+XO5/RQIlOxEYMhnliN60RfA=,lye744hWgaPfoW7hxtzkbZKXDMg=
150,-84,CRH+XO5/RQIlOxEYMhnliN60RfA=,lye744hWgaPfoW7hxtzkbZKXDMg=
153,-84,CRH+XO5/RQIlOxEYMhnliN60RfA=,lye744hWgaPfoW7hxtzkbZKXDMg=
146,-83,CRH+XO5/RQIlOxEYMhnliN60RfA=,lye744hWgaPfoW7hxtzkbZKXDMg=
155,-84,CRH+XO5/RQIlOxEYMhnliN60RfA=,lye744hWgaPfoW7hxtzkbZKXDMg=
149,-84,CRH+XO5/RQIlOxEYMhnliN60RfA=,lye744hWgaPfoW7hxtzkbZKXDMg=
145,-92,CRH+XO5/RQIlOxEYMhnliN60RfA=,lye744hWgaPfoW7hxtzkbZKXDMg=
156,-84,CRH+XO5/RQIlOxEYMhnliN60RfA=,lye744hWgaPfoW7hxtzkbZKXDMg=
146,-84,CRH+XO5/RQIlOxEYMhnliN60RfA=,lye744hWgaPfoW7hxtzkbZKXDMg=
155,-95,CRH+XO5/RQIlOxEYMhnliN60RfA=,lye744hWgaPfoW7hxtzkbZKXDMg=
145,-84,CRH+XO5/RQIlOxEYMhnliN60RfA=,lye744hWgaPfoW7hxtzkbZKXDMg=
151,-93,CRH+XO5/RQIlOxEYMhnliN60RfA=,lye744hWgaPfoW7hxtzkbZKXDMg=
146,-92,CRH+XO5/RQIlOxEYMhnliN60RfA=,lye744hWgaPfoW7hxtzkbZKXDMg=
158,-85,CRH+XO5/RQIlOxEYMhnliN60RfA=,lye744hWgaPfoW7hxtzkbZKXDMg=
144,-84,CRH+XO5/RQIlOxEYMhnliN60RfA=,lye744hWgaPfoW7hxtzkbZKXDMg=
151,-84,CRH+XO5/RQIlOxEYMhnliN60RfA=,lye744hWgaPfoW7hxtzkbZKXDMg=
154,-85,CRH+XO5/RQIlOxEYMhnliN60RfA=,lye744hWgaPfoW7hxtzkbZKXDMg=
153,-85,CRH+XO5/RQIlOxEYMhnliN60RfA=,lye744hWgaPfoW7hxtzkbZKXDMg=
155,-85,CRH+XO5/RQIlOxEYMhnliN60RfA=,lye744hWgaPfoW7hxtzkbZKXDMg=
152,-85,CRH+XO5/RQIlOxEYMhnliN60RfA=,lye744hWgaPfoW7hxtzkbZKXDMg=
157,-96,CRH+XO5/RQIlOxEYMhnliN60RfA=,lye744hWgaPfoW7hxtzkbZKXDMg=
145,-83,CRH+XO5/RQIlOxEYMhnliN60RfA=,lye744hWgaPfoW7hxtzkbZKXDMg=
157,-84,CRH+XO5/RQIlOxEYMhnliN60RfA=,lye744hWgaPfoW7hxtzkbZKXDMg=
148,-84,CRH+XO5/RQIlOxEYMhnliN60RfA=,lye744hWgaPfoW7hxtzkbZKXDMg=
154,-84,CRH+XO5/RQIlOxEYMhnliN60RfA=,lye744hWgaPfoW7hxtzkbZKXDMg=
147,-84,CRH+XO5/RQIlOxEYMhnliN60RfA=,lye744hWgaPfoW7hxtzkbZKXDMg=
151,-85,CRH+XO5/RQIlOxEYMhnliN60RfA=,lye744hWgaPfoW7hxtzkbZKXDMg=
148,-85,CRH+XO5/RQIlOxEYMhnliN60RfA=,lye744hWgaPfoW7hxtzkbZKXDMg=
150,-93,CRH+XO5/RQIlOxEYMhnliN60RfA=,lye744hWgaPfoW7hxtzkbZKXDMg=
147,-92,CRH+XO5/RQIlOxEYMhnliN60RfA=,lye744hWgaPfoW7hxtzkbZKXDMg=
158,-96,CRH+XO5/RQIlOxEYMhnliN60RfA=,lye744hWgaPfoW7hxtzkbZKXDMg=
146,-85,CRH+XO5/RQIlOxEYMhnliN60RfA=,lye744hWgaPfoW7hxtzkbZKXDMg=
159,-85,CRH+XO5/RQIlOxEYMhnliN60RfA=,lye744hWgaPfoW7hxtzkbZKXDMg=
147,-85,CRH+XO5/RQIlOxEYMhnliN60RfA=,lye744hWgaPfoW7hxtzkbZKXDMg=
156,-85,CRH+XO5/RQIlOxEYMhnliN60RfA=,lye744hWgaPfoW7hxtzkbZKXDMg=
149,-85,CRH+XO5/RQIlOxEYMhnliN60RfA=,lye744hWgaPfoW7hxtzkbZKXDMg=
154,-95,CRH+XO5/RQIlOxEYMhnliN60RfA=,lye744hWgaPfoW7hxtzkbZKXDMg=
157,-85,CRH+XO5/RQIlOxEYMhnliN60RfA=,lye744hWgaPfoW7hxtzkbZKXDMg=
159,-86,CRH+XO5/RQIlOxEYMhnliN60RfA=,lye744hWgaPfoW7hxtzkbZKXDMg=
152,-86,CRH+XO5/RQIlOxEYMhnliN60RfA=,lye744hWgaPfoW7hxtzkbZKXDMg=
154,-86,CRH+XO5/RQIlOxEYMhnliN60RfA=,lye744hWgaPfoW7hxtzkbZKXDMg=
151,-86,CRH+XO5/RQIlOxEYMhnliN60RfA=,lye744hWgaPfoW7hxtzkbZKXDMg=
150,-85,CRH+XO5/RQIlOxEYMhnliN60RfA=,lye744hWgaPfoW7hxtzkbZKXDMg=
145,-85,CRH+XO5/RQIlOxEYMhnliN60RfA=,lye744hWgaPfoW7hxtzkbZKXDMg=
156,-86,CRH+XO5/RQIlOxEYMhnliN60RfA=,lye744hWgaPfoW7hxtzkbZKXDMg=
158,-86,CRH+XO5/RQIlOxEYMhnliN60RfA=,lye744hWgaPfoW7hxtzkbZKXDMg=
157,-86,CRH+XO5/RQIlOxEYMhnliN60RfA=,lye744hWgaPfoW7hxtzkbZKXDMg=
149,-93,CRH+XO5/RQIlOxEYMhnliN60RfA=,lye744hWgaPfoW7hxtzkbZKXDMg=
155,-86,CRH+XO5/RQIlOxEYMhnliN60RfA=,lye744hWgaPfoW7hxtzkbZKXDMg=
150,-86,CRH+XO5/RQIlOxEYMhnliN60RfA=,lye744hWgaPfoW7hxtzkbZKXDMg=
153,-86,CRH+XO5/RQIlOxEYMhnliN60RfA=,lye744hWgaPfoW7hxtzkbZKXDMg=
153,-95,CRH+XO5/RQIlOxEYMhnliN60RfA=,lye744hWgaPfoW7hxtzkbZKXDMg=
145,-86,CRH+XO5/RQIlOxEYMhnliN60RfA=,lye744hWgaPfoW7hxtzkbZKXDMg=
159,-87,CRH+XO5/RQIlOxEYMhnliN60RfA=,lye744hWgaPfoW7hxtzkbZKXDMg=
147,-86,CRH+XO5/RQIlOxEYMhnliN60RfA=,lye744hWgaPfoW7hxtzkbZKXDMg=
144,-85,CRH+XO5/RQIlOxEYMhnliN60RfA=,lye744hWgaPfoW7hxtzkbZKXDMg=
146,-86,CRH+XO5/RQIlOxEYMhnliN60RfA=,lye744hWgaPfoW7hxtzkbZKXDMg=
156,-87,CRH+XO5/RQIlOxEYMhnliN60RfA=,lye744hWgaPfoW7hxtzkbZKXDMg=
155,-87,CRH+XO5/RQIlOxEYMhnliN60RfA=,lye744hWgaPfoW7hxtzkbZKXDMg=
156,-96,CRH+XO5/RQIlOxEYMhnliN60RfA=,lye744hWgaPfoW7hxtzkbZKXDMg=
148,-86,CRH+XO5/RQIlOxEYMhnliN60RfA=,lye744hWgaPfoW7hxtzkbZKXDMg=
152,-87,CRH+XO5/RQIlOxEYMhnliN60RfA=,lye744hWgaPfoW7hxtzkbZKXDMg=
153,-87,CRH+XO5/RQIlOxEYMhnliN60RfA=,lye744hWgaPfoW7hxtzkbZKXDMg=
150,-87,CRH+XO5/RQIlOxEYMhnliN60RfA=,lye744hWgaPfoW7hxtzkbZKXDMg=
155,-96,CRH+XO5/RQIlOxEYMhnliN60RfA=,lye744hWgaPfoW7hxtzkbZKXDMg=
151,-87,CRH+XO5/RQIlOxEYMhnliN60RfA=,lye744hWgaPfoW7hxtzkbZKXDMg=
158,-87,CRH+XO5/RQIlOxEYMhnliN60RfA=,lye744hWgaPfoW7hxtzkbZKXDMg=
148,-87,CRH+XO5/RQIlOxEYMhnliN60RfA=,lye744hWgaPfoW7hxtzkbZKXDMg=
149,-87,CRH+XO5/RQIlOxEYMhnliN60RfA=,lye744hWgaPfoW7hxtzkbZKXDMg=
149,-86,CRH+XO5/RQIlOxEYMhnliN60RfA=,lye744hWgaPfoW7hxtzkbZKXDMg=
146,-87,CRH+XO5/RQIlOxEYMhnliN60RfA=,lye744hWgaPfoW7hxtzkbZKXDMg=
148,-93,CRH+XO5/RQIlOxEYMhnliN60RfA=,lye744hWgaPfoW7hxtzkbZKXDMg=
147,-87,CRH+XO5/RQIlOxEYMhnliN60RfA=,lye744hWgaPfoW7hxtzkbZKXDMg=
145,-87,CRH+XO5/RQIlOxEYMhnliN60RfA=,lye744hWgaPfoW7hxtzkbZKXDMg=
144,-87,CRH+XO5/RQIlOxEYMhnliN60RfA=,lye744hWgaPfoW7hxtzkbZKXDMg=
152,-95,CRH+XO5/RQIlOxEYMhnliN60RfA=,lye744hWgaPfoW7hxtzkbZKXDMg=
144,-86,CRH+XO5/RQIlOxEYMhnliN60RfA=,lye744hWgaPfoW7hxtzkbZKXDMg=
157,-87,CRH+XO5/RQIlOxEYMhnliN60RfA=,lye744hWgaPfoW7hxtzkbZKXDMg=
148,-92,CRH+XO5/RQIlOxEYMhnliN60RfA=,lye744hWgaPfoW7hxtzkbZKXDMg=
155,-88,CRH+XO5/RQIlOxEYMhnliN60RfA=,lye744hWgaPfoW7hxtzkbZKXDMg=
157,-88,CRH+XO5/RQIlOxEYMhnliN60RfA=,lye744hWgaPfoW7hxtzkbZKXDMg=
154,-88,CRH+XO5/RQIlOxEYMhnliN60RfA=,lye744hWgaPfoW7hxtzkbZKXDMg=
156,-88,CRH+XO5/RQIlOxEYMhnliN60RfA=,lye744hWgaPfoW7hxtzkbZKXDMg=
153,-88,CRH+XO5/RQIlOxEYMhnliN60RfA=,lye744hWgaPfoW7hxtzkbZKXDMg=
154,-96,CRH+XO5/RQIlOxEYMhnliN60RfA=,lye744hWgaPfoW7hxtzkbZKXDMg=
147,-93,CRH+XO5/RQIlOxEYMhnliN60RfA=,lye744hWgaPfoW7hxtzkbZKXDMg=
152,-88,CRH+XO5/RQIlOxEYMhnliN60RfA=,lye744hWgaPfoW7hxtzkbZKXDMg=
149,-92,CRH+XO5/RQIlOxEYMhnliN60RfA=,lye744hWgaPfoW7hxtzkbZKXDMg=
149,-88,CRH+XO5/RQIlOxEYMhnliN60RfA=,lye744hWgaPfoW7hxtzkbZKXDMg=
150,-88,CRH+XO5/RQIlOxEYMhnliN60RfA=,lye744hWgaPfoW7hxtzkbZKXDMg=
145,-88,CRH+XO5/RQIlOxEYMhnliN60RfA=,lye744hWgaPfoW7hxtzkbZKXDMg=
146,-88,CRH+XO5/RQIlOxEYMhnliN60RfA=,lye744hWgaPfoW7hxtzkbZKXDMg=
144,-88,CRH+XO5/RQIlOxEYMhnliN60RfA=,lye744hWgaPfoW7hxtzkbZKXDMg=
159,-89,CRH+XO5/RQIlOxEYMhnliN60RfA=,lye744hWgaPfoW7hxtzkbZKXDMg=
150,-92,CRH+XO5/RQIlOxEYMhnliN60RfA=,lye744hWgaPfoW7hxtzkbZKXDMg=
158,-89,CRH+XO5/RQIlOxEYMhnliN60RfA=,lye744hWgaPfoW7hxtzkbZKXDMg=
155,-89,CRH+XO5/RQIlOxEYMhnliN60RfA=,lye744hWgaPfoW7hxtzkbZKXDMg=
151,-88,CRH+XO5/RQIlOxEYMhnliN60RfA=,lye744hWgaPfoW7hxtzkbZKXDMg=
154,-87,CRH+XO5/RQIlOxEYMhnliN60RfA=,lye744hWgaPfoW7hxtzkbZKXDMg=
151,-95,CRH+XO5/RQIlOxEYMhnliN60RfA=,lye744hWgaPfoW7hxtzkbZKXDMg=
158,-88,CRH+XO5/RQIlOxEYMhnliN60RfA=,lye744hWgaPfoW7hxtzkbZKXDMg=
147,-88,CRH+XO5/RQIlOxEYMhnliN60RfA=,lye744hWgaPfoW7hxtzkbZKXDMg=
148,-88,CRH+XO5/RQIlOxEYMhnliN60RfA=,lye744hWgaPfoW7hxtzkbZKXDMg=
152,-89,CRH+XO5/RQIlOxEYMhnliN60RfA=,lye744hWgaPfoW7hxtzkbZKXDMg=
157,-89,CRH+XO5/RQIlOxEYMhnliN60RfA=,lye744hWgaPfoW7hxtzkbZKXDMg=
156,-89,CRH+XO5/RQIlOxEYMhnliN60RfA=,lye744hWgaPfoW7hxtzkbZKXDMg=
159,-88,CRH+XO5/RQIlOxEYMhnliN60RfA=,lye744hWgaPfoW7hxtzkbZKXDMg=
153,-89,CRH+XO5/RQIlOxEYMhnliN60RfA=,lye744hWgaPfoW7hxtzkbZKXDMg=
151,-92,CRH+XO5/RQIlOxEYMhnliN60RfA=,lye744hWgaPfoW7hxtzkbZKXDMg=
145,-89,CRH+XO5/RQIlOxEYMhnliN60RfA=,lye744hWgaPfoW7hxtzkbZKXDMg=
149,-89,CRH+XO5/RQIlOxEYMhnliN60RfA=,lye744hWgaPfoW7hxtzkbZKXDMg=
148,-89,CRH+XO5/RQIlOxEYMhnliN60RfA=,lye744hWgaPfoW7hxtzkbZKXDMg=
147,-89,CRH+XO5/RQIlOxEYMhnliN60RfA=,lye744hWgaPfoW7hxtzkbZKXDMg=
144,-89,CRH+XO5/RQIlOxEYMhnliN60RfA=,lye744hWgaPfoW7hxtzkbZKXDMg=
159,-90,CRH+XO5/RQIlOxEYMhnliN60RfA=,lye744hWgaPfoW7hxtzkbZKXDMg=
146,-89,CRH+XO5/RQIlOxEYMhnliN60RfA=,lye744hWgaPfoW7hxtzkbZKXDMg=
157,-90,CRH+XO5/RQIlOxEYMhnliN60RfA=,lye744hWgaPfoW7hxtzkbZKXDMg=
156,-90,CRH+XO5/RQIlOxEYMhnliN60RfA=,lye744hWgaPfoW7hxtzkbZKXDMg=
158,-90,CRH+XO5/RQIlOxEYMhnliN60RfA=,lye744hWgaPfoW7hxtzkbZKXDMg=
152,-92,CRH+XO5/RQIlOxEYMhnliN60RfA=,lye744hWgaPfoW7hxtzkbZKXDMg=
153,-90,CRH+XO5/RQIlOxEYMhnliN60RfA=,lye744hWgaPfoW7hxtzkbZKXDMg=
150,-89,CRH+XO5/RQIlOxEYMhnliN60RfA=,lye744hWgaPfoW7hxtzkbZKXDMg=
154,-89,CRH+XO5/RQIlOxEYMhnliN60RfA=,lye744hWgaPfoW7hxtzkbZKXDMg=
153,-96,CRH+XO5/RQIlOxEYMhnliN60RfA=,lye744hWgaPfoW7hxtzkbZKXDMg=
146,-93,CRH+XO5/RQIlOxEYMhnliN60RfA=,lye744hWgaPfoW7hxtzkbZKXDMg=
152,-90,CRH+XO5/RQIlOxEYMhnliN60RfA=,lye744hWgaPfoW7hxtzkbZKXDMg=
148,-90,CRH+XO5/RQIlOxEYMhnliN60RfA=,lye744hWgaPfoW7hxtzkbZKXDMg=
151,-90,CRH+XO5/RQIlOxEYMhnliN60RfA=,lye744hWgaPfoW7hxtzkbZKXDMg=
150,-90,CRH+XO5/RQIlOxEYMhnliN60RfA=,lye744hWgaPfoW7hxtzkbZKXDMg=
153,-92,CRH+XO5/RQIlOxEYMhnliN60RfA=,lye744hWgaPfoW7hxtzkbZKXDMg=
149,-95,CRH+XO5/RQIlOxEYMhnliN60RfA=,lye744hWgaPfoW7hxtzkbZKXDMg=
145,-90,CRH+XO5/RQIlOxEYMhnliN60RfA=,lye744hWgaPfoW7hxtzkbZKXDMg=
159,-91,CRH+XO5/RQIlOxEYMhnliN60RfA=,lye744hWgaPfoW7hxtzkbZKXDMg=
151,-89,CRH+XO5/RQIlOxEYMhnliN60RfA=,lye744hWgaPfoW7hxtzkbZKXDMg=
146,-90,CRH+XO5/RQIlOxEYMhnliN60RfA=,lye744hWgaPfoW7hxtzkbZKXDMg=
157,-91,CRH+XO5/RQIlOxEYMhnliN60RfA=,lye744hWgaPfoW7hxtzkbZKXDMg=
156,-91,CRH+XO5/RQIlOxEYMhnliN60RfA=,lye744hWgaPfoW7hxtzkbZKXDMg=
150,-95,CRH+XO5/RQIlOxEYMhnliN60RfA=,lye744hWgaPfoW7hxtzkbZKXDMg=
155,-90,CRH+XO5/RQIlOxEYMhnliN60RfA=,lye744hWgaPfoW7hxtzkbZKXDMg=
154,-90,CRH+XO5/RQIlOxEYMhnliN60RfA=,lye744hWgaPfoW7hxtzkbZKXDMg=
145,-93,CRH+XO5/RQIlOxEYMhnliN60RfA=,lye744hWgaPfoW7hxtzkbZKXDMg=
152,-96,CRH+XO5/RQIlOxEYMhnliN60RfA=,lye744hWgaPfoW7hxtzkbZKXDMg=
147,-90,CRH+XO5/RQIlOxEYMhnliN60RfA=,lye744hWgaPfoW7hxtzkbZKXDMg=
149,-90,CRH+XO5/RQIlOxEYMhnliN60RfA=,lye744hWgaPfoW7hxtzkbZKXDMg=
154,-92,CRH+XO5/RQIlOxEYMhnliN60RfA=,lye744hWgaPfoW7hxtzkbZKXDMg=
151,-96,CRH+XO5/RQIlOxEYMhnliN60RfA=,lye744hWgaPfoW7hxtzkbZKXDMg=
148,-95,CRH+XO5/RQIlOxEYMhnliN60RfA=,lye744hWgaPfoW7hxtzkbZKXDMg=
155,-91,CRH+XO5/RQIlOxEYMhnliN60RfA=,lye744hWgaPfoW7hxtzkbZKXDMg=
152,-91,CRH+XO5/RQIlOxEYMhnliN60RfA=,lye744hWgaPfoW7hxtzkbZKXDMg=
144,-93,CRH+XO5/RQIlOxEYMhnliN60RfA=,lye744hWgaPfoW7hxtzkbZKXDMg=
147,-91,CRH+XO5/RQIlOxEYMhnliN60RfA=,lye744hWgaPfoW7hxtzkbZKXDMg=
155,-92,CRH+XO5/RQIlOxEYMhnliN60RfA=,lye744hWgaPfoW7hxtzkbZKXDMg=
148,-91,CRH+XO5/RQIlOxEYMhnliN60RfA=,lye744hWgaPfoW7hxtzkbZKXDMg=
146,-91,CRH+XO5/RQIlOxEYMhnliN60RfA=,lye744hWgaPfoW7hxtzkbZKXDMg=
144,-90,CRH+XO5/RQIlOxEYMhnliN60RfA=,lye744hWgaPfoW7hxtzkbZKXDMg=
144,-91,CRH+XO5/RQIlOxEYMhnliN60RfA=,lye744hWgaPfoW7hxtzkbZKXDMg=
159,-92,CRH+XO5/RQIlOxEYMhnliN60RfA=,lye744hWgaPfoW7hxtzkbZKXDMg=
158,-91,CRH+XO5/RQIlOxEYMhnliN60RfA=,lye744hWgaPfoW7hxtzkbZKXDMg=
150,-91,CRH+XO5/RQIlOxEYMhnliN60RfA=,lye744hWgaPfoW7hxtzkbZKXDMg=
153,-91,CRH+XO5/RQIlOxEYMhnliN60RfA=,lye744hWgaPfoW7hxtzkbZKXDMg=
154,-91,CRH+XO5/RQIlOxEYMhnliN60RfA=,lye744hWgaPfoW7hxtzkbZKXDMg=
145,-91,CRH+XO5/RQIlOxEYMhnliN60RfA=,lye744hWgaPfoW7hxtzkbZKXDMg=
159,-94,CRH+XO5/RQIlOxEYMhnliN60RfA=,lye744hWgaPfoW7hxtzkbZKXDMg=
150,-96,CRH+XO5/RQIlOxEYMhnliN60RfA=,lye744hWgaPfoW7hxtzkbZKXDMg=
158,-92,CRH+XO5/RQIlOxEYMhnliN60RfA=,lye744hWgaPfoW7hxtzkbZKXDMg=
156,-92,CRH+XO5/RQIlOxEYMhnliN60RfA=,lye744hWgaPfoW7hxtzkbZKXDMg=
157,-92,CRH+XO5/RQIlOxEYMhnliN60RfA=,lye744hWgaPfoW7hxtzkbZKXDMg=
149,-91,CRH+XO5/RQIlOxEYMhnliN60RfA=,lye744hWgaPfoW7hxtzkbZKXDMg=
144,-96,CRH+XO5/RQIlOxEYMhnliN60RfA=,lye744hWgaPfoW7hxtzkbZKXDMg=
151,-91,CRH+XO5/RQIlOxEYMhnliN60RfA=,lye744hWgaPfoW7hxtzkbZKXDMg=
147,-95,CRH+XO5/RQIlOxEYMhnliN60RfA=,lye744hWgaPfoW7hxtzkbZKXDMg=
143,-95,7hH082mArEO8ROwemJxqF+IJHS0=,C08Z0ZHJwlfkD4//R4HqZoy86EU=
143,-81,7hH082mArEO8ROwemJxqF+IJHS0=,C08Z0ZHJwlfkD4//R4HqZoy86EU=
140,-93,7hH082mArEO8ROwemJxqF+IJHS0=,C08Z0ZHJwlfkD4//R4HqZoy86EU=
131,-96,7hH082mArEO8ROwemJxqF+IJHS0=,C08Z0ZHJwlfkD4//R4HqZoy86EU=
137,-94,7hH082mArEO8ROwemJxqF+IJHS0=,C08Z0ZHJwlfkD4//R4HqZoy86EU=
138,-94,7hH082mArEO8ROwemJxqF+IJHS0=,C08Z0ZHJwlfkD4//R4HqZoy86EU=
142,-94,7hH082mArEO8ROwemJxqF+IJHS0=,C08Z0ZHJwlfkD4//R4HqZoy86EU=
139,-94,7hH082mArEO8ROwemJxqF+IJHS0=,C08Z0ZHJwlfkD4//R4HqZoy86EU=
140,-94,7hH082mArEO8ROwemJxqF+IJHS0=,C08Z0ZHJwlfkD4//R4HqZoy86EU=
135,-94,7hH082mArEO8ROwemJxqF+IJHS0=,C08Z0ZHJwlfkD4//R4HqZoy86EU=
136,-94,7hH082mArEO8ROwemJxqF+IJHS0=,C08Z0ZHJwlfkD4//R4HqZoy86EU=
133,-94,7hH082mArEO8ROwemJxqF+IJHS0=,C08Z0ZHJwlfkD4//R4HqZoy86EU=
134,-94,7hH082mArEO8ROwemJxqF+IJHS0=,C08Z0ZHJwlfkD4//R4HqZoy86EU=
131,-94,7hH082mArEO8ROwemJxqF+IJHS0=,C08Z0ZHJwlfkD4//R4HqZoy86EU=
132,-94,7hH082mArEO8ROwemJxqF+IJHS0=,C08Z0ZHJwlfkD4//R4HqZoy86EU=
141,-94,7hH082mArEO8ROwemJxqF+IJHS0=,C08Z0ZHJwlfkD4//R4HqZoy86EU=
132,-96,7hH082mArEO8ROwemJxqF+IJHS0=,C08Z0ZHJwlfkD4//R4HqZoy86EU=
142,-81,7hH082mArEO8ROwemJxqF+IJHS0=,C08Z0ZHJwlfkD4//R4HqZoy86EU=
130,-94,7hH082mArEO8ROwemJxqF+IJHS0=,C08Z0ZHJwlfkD4//R4HqZoy86EU=
128,-94,7hH082mArEO8ROwemJxqF+IJHS0=,C08Z0ZHJwlfkD4//R4HqZoy86EU=
129,-94,7hH082mArEO8ROwemJxqF+IJHS0=,C08Z0ZHJwlfkD4//R4HqZoy86EU=
139,-93,7hH082mArEO8ROwemJxqF+IJHS0=,C08Z0ZHJwlfkD4//R4HqZoy86EU=
140,-81,7hH082mArEO8ROwemJxqF+IJHS0=,C08Z0ZHJwlfkD4//R4HqZoy86EU=
141,-81,7hH082mArEO8ROwemJxqF+IJHS0=,C08Z0ZHJwlfkD4//R4HqZoy86EU=
141,-93,7hH082mArEO8ROwemJxqF+IJHS0=,C08Z0ZHJwlfkD4//R4HqZoy86EU=
137,-81,7hH082mArEO8ROwemJxqF+IJHS0=,C08Z0ZHJwlfkD4//R4HqZoy86EU=
138,-81,7hH082mArEO8ROwemJxqF+IJHS0=,C08Z0ZHJwlfkD4//R4HqZoy86EU=
139,-81,7hH082mArEO8ROwemJxqF+IJHS0=,C08Z0ZHJwlfkD4//R4HqZoy86EU=
133,-81,7hH082mArEO8ROwemJxqF+IJHS0=,C08Z0ZHJwlfkD4//R4HqZoy86EU=
131,-81,7hH082mArEO8ROwemJxqF+IJHS0=,C08Z0ZHJwlfkD4//R4HqZoy86EU=
136,-81,7hH082mArEO8ROwemJxqF+IJHS0=,C08Z0ZHJwlfkD4//R4HqZoy86EU=
142,-93,7hH082mArEO8ROwemJxqF+IJHS0=,C08Z0ZHJwlfkD4//R4HqZoy86EU=
130,-96,7hH082mArEO8ROwemJxqF+IJHS0=,C08Z0ZHJwlfkD4//R4HqZoy86EU=
129,-81,7hH082mArEO8ROwemJxqF+IJHS0=,C08Z0ZHJwlfkD4//R4HqZoy86EU=
128,-81,7hH082mArEO8ROwemJxqF+IJHS0=,C08Z0ZHJwlfkD4//R4HqZoy86EU=
132,-81,7hH082mArEO8ROwemJxqF+IJHS0=,C08Z0ZHJwlfkD4//R4HqZoy86EU=
135,-81,7hH082mArEO8ROwemJxqF+IJHS0=,C08Z0ZHJwlfkD4//R4HqZoy86EU=
130,-81,7hH082mArEO8ROwemJxqF+IJHS0=,C08Z0ZHJwlfkD4//R4HqZoy86EU=
138,-93,7hH082mArEO8ROwemJxqF+IJHS0=,C08Z0ZHJwlfkD4//R4HqZoy86EU=
142,-95,7hH082mArEO8ROwemJxqF+IJHS0=,C08Z0ZHJwlfkD4//R4HqZoy86EU=
142,-82,7hH082mArEO8ROwemJxqF+IJHS0=,C08Z0ZHJwlfkD4//R4HqZoy86EU=
133,-96,7hH082mArEO8ROwemJxqF+IJHS0=,C08Z0ZHJwlfkD4//R4HqZoy86EU=
143,-82,7hH082mArEO8ROwemJxqF+IJHS0=,C08Z0ZHJwlfkD4//R4HqZoy86EU=
139,-82,7hH082mArEO8ROwemJxqF+IJHS0=,C08Z0ZHJwlfkD4//R4HqZoy86EU=
138,-82,7hH082mArEO8ROwemJxqF+IJHS0=,C08Z0ZHJwlfkD4//R4HqZoy86EU=
133,-82,7hH082mArEO8ROwemJxqF+IJHS0=,C08Z0ZHJwlfkD4//R4HqZoy86EU=
137,-82,7hH082mArEO8ROwemJxqF+IJHS0=,C08Z0ZHJwlfkD4//R4HqZoy86EU=
132,-82,7hH082mArEO8ROwemJxqF+IJHS0=,C08Z0ZHJwlfkD4//R4HqZoy86EU=
136,-82,7hH082mArEO8ROwemJxqF+IJHS0=,C08Z0ZHJwlfkD4//R4HqZoy86EU=
131,-82,7hH082mArEO8ROwemJxqF+IJHS0=,C08Z0ZHJwlfkD4//R4HqZoy86EU=
130,-82,7hH082mArEO8ROwemJxqF+IJHS0=,C08Z0ZHJwlfkD4//R4HqZoy86EU=
134,-82,7hH082mArEO8ROwemJxqF+IJHS0=,C08Z0ZHJwlfkD4//R4HqZoy86EU=
129,-95,7hH082mArEO8ROwemJxqF+IJHS0=,C08Z0ZHJwlfkD4//R4HqZoy86EU=
134,-81,7hH082mArEO8ROwemJxqF+IJHS0=,C08Z0ZHJwlfkD4//R4HqZoy86EU=
129,-82,7hH082mArEO8ROwemJxqF+IJHS0=,C08Z0ZHJwlfkD4//R4HqZoy86EU=
128,-95,7hH082mArEO8ROwemJxqF+IJHS0=,C08Z0ZHJwlfkD4//R4HqZoy86EU=
137,-93,7hH082mArEO8ROwemJxqF+IJHS0=,C08Z0ZHJwlfkD4//R4HqZoy86EU=
143,-93,7hH082mArEO8ROwemJxqF+IJHS0=,C08Z0ZHJwlfkD4//R4HqZoy86EU=
128,-82,7hH082mArEO8ROwemJxqF+IJHS0=,C08Z0ZHJwlfkD4//R4HqZoy86EU=
142,-83,7hH082mArEO8ROwemJxqF+IJHS0=,C08Z0ZHJwlfkD4//R4HqZoy86EU=
130,-95,7hH082mArEO8ROwemJxqF+IJHS0=,C08Z0ZHJwlfkD4//R4HqZoy86EU=
135,-82,7hH082mArEO8ROwemJxqF+IJHS0=,C08Z0ZHJwlfkD4//R4HqZoy86EU=
140,-82,7hH082mArEO8ROwemJxqF+IJHS0=,C08Z0ZHJwlfkD4//R4HqZoy86EU=
129,-96,7hH082mArEO8ROwemJxqF+IJHS0=,C08Z0ZHJwlfkD4//R4HqZoy86EU=
141,-82,7hH082mArEO8ROwemJxqF+IJHS0=,C08Z0ZHJwlfkD4//R4HqZoy86EU=
143,-83,7hH082mArEO8ROwemJxqF+IJHS0=,C08Z0ZHJwlfkD4//R4HqZoy86EU=
140,-83,7hH082mArEO8ROwemJxqF+IJHS0=,C08Z0ZHJwlfkD4//R4HqZoy86EU=
139,-83,7hH082mArEO8ROwemJxqF+IJHS0=,C08Z0ZHJwlfkD4//R4HqZoy86EU=
128,-92,7hH082mArEO8ROwemJxqF+IJHS0=,C08Z0ZHJwlfkD4//R4HqZoy86EU=
138,-83,7hH082mArEO8ROwemJxqF+IJHS0=,C08Z0ZHJwlfkD4//R4HqZoy86EU=
141,-83,7hH082mArEO8ROwemJxqF+IJHS0=,C08Z0ZHJwlfkD4//R4HqZoy86EU=
129,-92,7hH082mArEO8ROwemJxqF+IJHS0=,C08Z0ZHJwlfkD4//R4HqZoy86EU=
131,-83,7hH082mArEO8ROwemJxqF+IJHS0=,C08Z0ZHJwlfkD4//R4HqZoy86EU=
141,-95,7hH082mArEO8ROwemJxqF+IJHS0=,C08Z0ZHJwlfkD4//R4HqZoy86EU=
143,-96,7hH082mArEO8ROwemJxqF+IJHS0=,C08Z0ZHJwlfkD4//R4HqZoy86EU=
136,-93,7hH082mArEO8ROwemJxqF+IJHS0=,C08Z0ZHJwlfkD4//R4HqZoy86EU=
137,-83,7hH082mArEO8ROwemJxqF+IJHS0=,C08Z0ZHJwlfkD4//R4HqZoy86EU=
132,-83,7hH082mArEO8ROwemJxqF+IJHS0=,C08Z0ZHJwlfkD4//R4HqZoy86EU=
135,-83,7hH082mArEO8ROwemJxqF+IJHS0=,C08Z0ZHJwlfkD4//R4HqZoy86EU=
132,-92,7hH082mArEO8ROwemJxqF+IJHS0=,C08Z0ZHJwlfkD4//R4HqZoy86EU=
133,-83,7hH082mArEO8ROwemJxqF+IJHS0=,C08Z0ZHJwlfkD4//R4HqZoy86EU=
130,-92,7hH082mArEO8ROwemJxqF+IJHS0=,C08Z0ZHJwlfkD4//R4HqZoy86EU=
129,-83,7hH082mArEO8ROwemJxqF+IJHS0=,C08Z0ZHJwlfkD4//R4HqZoy86EU=
134,-83,7hH082mArEO8ROwemJxqF+IJHS0=,C08Z0ZHJwlfkD4//R4HqZoy86EU=
130,-83,7hH082mArEO8ROwemJxqF+IJHS0=,C08Z0ZHJwlfkD4//R4HqZoy86EU=
131,-92,7hH082mArEO8ROwemJxqF+IJHS0=,C08Z0ZHJwlfkD4//R4HqZoy86EU=
136,-83,7hH082mArEO8ROwemJxqF+IJHS0=,C08Z0ZHJwlfkD4//R4HqZoy86EU=
143,-84,7hH082mArEO8ROwemJxqF+IJHS0=,C08Z0ZHJwlfkD4//R4HqZoy86EU=
142,-84,7hH082mArEO8ROwemJxqF+IJHS0=,C08Z0ZHJwlfkD4//R4HqZoy86EU=
133,-92,7hH082mArEO8ROwemJxqF+IJHS0=,C08Z0ZHJwlfkD4//R4HqZoy86EU=
137,-84,7hH082mArEO8ROwemJxqF+IJHS0=,C08Z0ZHJwlfkD4//R4HqZoy86EU=
140,-84,7hH082mArEO8ROwemJxqF+IJHS0=,C08Z0ZHJwlfkD4//R4HqZoy86EU=
139,-84,7hH082mArEO8ROwemJxqF+IJHS0=,C08Z0ZHJwlfkD4//R4HqZoy86EU=
128,-83,7hH082mArEO8ROwemJxqF+IJHS0=,C08Z0ZHJwlfkD4//R4HqZoy86EU=
135,-92,7hH082mArEO8ROwemJxqF+IJHS0=,C08Z0ZHJwlfkD4//R4HqZoy86EU=
133,-84,7hH082mArEO8ROwemJxqF+IJHS0=,C08Z0ZHJwlfkD4//R4HqZoy86EU=
132,-84,7hH082mArEO8ROwemJxqF+IJHS0=,C08Z0ZHJwlfkD4//R4HqZoy86EU=
134,-92,7hH082mArEO8ROwemJxqF+IJHS0=,C08Z0ZHJwlfkD4//R4HqZoy86EU=
136,-92,7hH082mArEO8ROwemJxqF+IJHS0=,C08Z0ZHJwlfkD4//R4HqZoy86EU=
135,-93,7hH082mArEO8ROwemJxqF+IJHS0=,C08Z0ZHJwlfkD4//R4HqZoy86EU=
140,-95,7hH082mArEO8ROwemJxqF+IJHS0=,C08Z0ZHJwlfkD4//R4HqZoy86EU=
131,-84,7hH082mArEO8ROwemJxqF+IJHS0=,C08Z0ZHJwlfkD4//R4HqZoy86EU=
137,-92,7hH082mArEO8ROwemJxqF+IJHS0=,C08Z0ZHJwlfkD4//R4HqZoy86EU=
130,-84,7hH082mArEO8ROwemJxqF+IJHS0=,C08Z0ZHJwlfkD4//R4HqZoy86EU=
141,-84,7hH082mArEO8ROwemJxqF+IJHS0=,C08Z0ZHJwlfkD4//R4HqZoy86EU=
138,-84,7hH082mArEO8ROwemJxqF+IJHS0=,C08Z0ZHJwlfkD4//R4HqZoy86EU=
135,-84,7hH082mArEO8ROwemJxqF+IJHS0=,C08Z0ZHJwlfkD4//R4HqZoy86EU=
138,-92,7hH082mArEO8ROwemJxqF+IJHS0=,C08Z0ZHJwlfkD4//R4HqZoy86EU=
136,-84,7hH082mArEO8ROwemJxqF+IJHS0=,C08Z0ZHJwlfkD4//R4HqZoy86EU=
129,-84,7hH082mArEO8ROwemJxqF+IJHS0=,C08Z0ZHJwlfkD4//R4HqZoy86EU=
142,-96,7hH082mArEO8ROwemJxqF+IJHS0=,C08Z0ZHJwlfkD4//R4HqZoy86EU=
141,-85,7hH082mArEO8ROwemJxqF+IJHS0=,C08Z0ZHJwlfkD4//R4HqZoy86EU=
139,-95,7hH082mArEO8ROwemJxqF+IJHS0=,C08Z0ZHJwlfkD4//R4HqZoy86EU=
128,-84,7hH082mArEO8ROwemJxqF+IJHS0=,C08Z0ZHJwlfkD4//R4HqZoy86EU=
143,-85,7hH082mArEO8ROwemJxqF+IJHS0=,C08Z0ZHJwlfkD4//R4HqZoy86EU=
134,-84,7hH082mArEO8ROwemJxqF+IJHS0=,C08Z0ZHJwlfkD4//R4HqZoy86EU=
139,-85,7hH082mArEO8ROwemJxqF+IJHS0=,C08Z0ZHJwlfkD4//R4HqZoy86EU=
142,-85,7hH082mArEO8ROwemJxqF+IJHS0=,C08Z0ZHJwlfkD4//R4HqZoy86EU=
137,-85,7hH082mArEO8ROwemJxqF+IJHS0=,C08Z0ZHJwlfkD4//R4HqZoy86EU=
140,-85,7hH082mArEO8ROwemJxqF+IJHS0=,C08Z0ZHJwlfkD4//R4HqZoy86EU=
143,-94,7hH082mArEO8ROwemJxqF+IJHS0=,C08Z0ZHJwlfkD4//R4HqZoy86EU=
139,-92,7hH082mArEO8ROwemJxqF+IJHS0=,C08Z0ZHJwlfkD4//R4HqZoy86EU=
134,-93,7hH082mArEO8ROwemJxqF+IJHS0=,C08Z0ZHJwlfkD4//R4HqZoy86EU=
134,-85,7hH082mArEO8ROwemJxqF+IJHS0=,C08Z0ZHJwlfkD4//R4HqZoy86EU=
138,-85,7hH082mArEO8ROwemJxqF+IJHS0=,C08Z0ZHJwlfkD4//R4HqZoy86EU=
135,-85,7hH082mArEO8ROwemJxqF+IJHS0=,C08Z0ZHJwlfkD4//R4HqZoy86EU=
132,-85,7hH082mArEO8ROwemJxqF+IJHS0=,C08Z0ZHJwlfkD4//R4HqZoy86EU=
131,-85,7hH082mArEO8ROwemJxqF+IJHS0=,C08Z0ZHJwlfkD4//R4HqZoy86EU=
141,-96,7hH082mArEO8ROwemJxqF+IJHS0=,C08Z0ZHJwlfkD4//R4HqZoy86EU=
136,-85,7hH082mArEO8ROwemJxqF+IJHS0=,C08Z0ZHJwlfkD4//R4HqZoy86EU=
134,-96,7hH082mArEO8ROwemJxqF+IJHS0=,C08Z0ZHJwlfkD4//R4HqZoy86EU=
133,-85,7hH082mArEO8ROwemJxqF+IJHS0=,C08Z0ZHJwlfkD4//R4HqZoy86EU=
138,-95,7hH082mArEO8ROwemJxqF+IJHS0=,C08Z0ZHJwlfkD4//R4HqZoy86EU=
143,-86,7hH082mArEO8ROwemJxqF+IJHS0=,C08Z0ZHJwlfkD4//R4HqZoy86EU=
129,-85,7hH082mArEO8ROwemJxqF+IJHS0=,C08Z0ZHJwlfkD4//R4HqZoy86EU=
128,-85,7hH082mArEO8ROwemJxqF+IJHS0=,C08Z0ZHJwlfkD4//R4HqZoy86EU=
142,-86,7hH082mArEO8ROwemJxqF+IJHS0=,C08Z0ZHJwlfkD4//R4HqZoy86EU=
130,-85,7hH082mArEO8ROwemJxqF+IJHS0=,C08Z0ZHJwlfkD4//R4HqZoy86EU=
128,-96,7hH082mArEO8ROwemJxqF+IJHS0=,C08Z0ZHJwlfkD4//R4HqZoy86EU=
139,-86,7hH082mArEO8ROwemJxqF+IJHS0=,C08Z0ZHJwlfkD4//R4HqZoy86EU=
141,-86,7hH082mArEO8ROwemJxqF+IJHS0=,C08Z0ZHJwlfkD4//R4HqZoy86EU=
136,-86,7hH082mArEO8ROwemJxqF+IJHS0=,C08Z0ZHJwlfkD4//R4HqZoy86EU=
140,-86,7hH082mArEO8ROwemJxqF+IJHS0=,C08Z0ZHJwlfkD4//R4HqZoy86EU=
134,-86,7hH082mArEO8ROwemJxqF+IJHS0=,C08Z0ZHJwlfkD4//R4HqZoy86EU=
140,-92,7hH082mArEO8ROwemJxqF+IJHS0=,C08Z0ZHJwlfkD4//R4HqZoy86EU=
137,-86,7hH082mArEO8ROwemJxqF+IJHS0=,C08Z0ZHJwlfkD4//R4HqZoy86EU=
135,-86,7hH082mArEO8ROwemJxqF+IJHS0=,C08Z0ZHJwlfkD4//R4HqZoy86EU=
140,-96,7hH082mArEO8ROwemJxqF+IJHS0=,C08Z0ZHJwlfkD4//R4HqZoy86EU=
133,-86,7hH082mArEO8ROwemJxqF+IJHS0=,C08Z0ZHJwlfkD4//R4HqZoy86EU=
131,-86,7hH082mArEO8ROwemJxqF+IJHS0=,C08Z0ZHJwlfkD4//R4HqZoy86EU=
133,-93,7hH082mArEO8ROwemJxqF+IJHS0=,C08Z0ZHJwlfkD4//R4HqZoy86EU=
130,-86,7hH082mArEO8ROwemJxqF+IJHS0=,C08Z0ZHJwlfkD4//R4HqZoy86EU=
128,-86,7hH082mArEO8ROwemJxqF+IJHS0=,C08Z0ZHJwlfkD4//R4HqZoy86EU=
141,-92,7hH082mArEO8ROwemJxqF+IJHS0=,C08Z0ZHJwlfkD4//R4HqZoy86EU=
129,-86,7hH082mArEO8ROwemJxqF+IJHS0=,C08Z0ZHJwlfkD4//R4HqZoy86EU=
138,-86,7hH082mArEO8ROwemJxqF+IJHS0=,C08Z0ZHJwlfkD4//R4HqZoy86EU=
132,-86,7hH082mArEO8ROwemJxqF+IJHS0=,C08Z0ZHJwlfkD4//R4HqZoy86EU=
140,-87,7hH082mArEO8ROwemJxqF+IJHS0=,C08Z0ZHJwlfkD4//R4HqZoy86EU=
141,-87,7hH082mArEO8ROwemJxqF+IJHS0=,C08Z0ZHJwlfkD4//R4HqZoy86EU=
136,-87,7hH082mArEO8ROwemJxqF+IJHS0=,C08Z0ZHJwlfkD4//R4HqZoy86EU=
142,-92,7hH082mArEO8ROwemJxqF+IJHS0=,C08Z0ZHJwlfkD4//R4HqZoy86EU=
134,-87,7hH082mArEO8ROwemJxqF+IJHS0=,C08Z0ZHJwlfkD4//R4HqZoy86EU=
132,-93,7hH082mArEO8ROwemJxqF+IJHS0=,C08Z0ZHJwlfkD4//R4HqZoy86EU=
135,-87,7hH082mArEO8ROwemJxqF+IJHS0=,C08Z0ZHJwlfkD4//R4HqZoy86EU=
139,-96,7hH082mArEO8ROwemJxqF+IJHS0=,C08Z0ZHJwlfkD4//R4HqZoy86EU=
133,-87,7hH082mArEO8ROwemJxqF+IJHS0=,C08Z0ZHJwlfkD4//R4HqZoy86EU=
137,-87,7hH082mArEO8ROwemJxqF+IJHS0=,C08Z0ZHJwlfkD4//R4HqZoy86EU=
137,-95,7hH082mArEO8ROwemJxqF+IJHS0=,C08Z0ZHJwlfkD4//R4HqZoy86EU=
138,-87,7hH082mArEO8ROwemJxqF+IJHS0=,C08Z0ZHJwlfkD4//R4HqZoy86EU=
130,-87,7hH082mArEO8ROwemJxqF+IJHS0=,C08Z0ZHJwlfkD4//R4HqZoy86EU=
139,-87,7hH082mArEO8ROwemJxqF+IJHS0=,C08Z0ZHJwlfkD4//R4HqZoy86EU=
143,-92,7hH082mArEO8ROwemJxqF+IJHS0=,C08Z0ZHJwlfkD4//R4HqZoy86EU=
142,-87,7hH082mArEO8ROwemJxqF+IJHS0=,C08Z0ZHJwlfkD4//R4HqZoy86EU=
129,-87,7hH082mArEO8ROwemJxqF+IJHS0=,C08Z0ZHJwlfkD4//R4HqZoy86EU=
131,-87,7hH082mArEO8ROwemJxqF+IJHS0=,C08Z0ZHJwlfkD4//R4HqZoy86EU=
143,-87,7hH082mArEO8ROwemJxqF+IJHS0=,C08Z0ZHJwlfkD4//R4HqZoy86EU=
128,-87,7hH082mArEO8ROwemJxqF+IJHS0=,C08Z0ZHJwlfkD4//R4HqZoy86EU=
132,-87,7hH082mArEO8ROwemJxqF+IJHS0=,C08Z0ZHJwlfkD4//R4HqZoy86EU=
131,-95,7hH082mArEO8ROwemJxqF+IJHS0=,C08Z0ZHJwlfkD4//R4HqZoy86EU=
136,-95,7hH082mArEO8ROwemJxqF+IJHS0=,C08Z0ZHJwlfkD4//R4HqZoy86EU=
141,-88,7hH082mArEO8ROwemJxqF+IJHS0=,C08Z0ZHJwlfkD4//R4HqZoy86EU=
128,-91,7hH082mArEO8ROwemJxqF+IJHS0=,C08Z0ZHJwlfkD4//R4HqZoy86EU=
135,-88,7hH082mArEO8ROwemJxqF+IJHS0=,C08Z0ZHJwlfkD4//R4HqZoy86EU=
140,-88,7hH082mArEO8ROwemJxqF+IJHS0=,C08Z0ZHJwlfkD4//R4HqZoy86EU=
138,-96,7hH082mArEO8ROwemJxqF+IJHS0=,C08Z0ZHJwlfkD4//R4HqZoy86EU=
129,-91,7hH082mArEO8ROwemJxqF+IJHS0=,C08Z0ZHJwlfkD4//R4HqZoy86EU=
131,-93,7hH082mArEO8ROwemJxqF+IJHS0=,C08Z0ZHJwlfkD4//R4HqZoy86EU=
143,-88,7hH082mArEO8ROwemJxqF+IJHS0=,C08Z0ZHJwlfkD4//R4HqZoy86EU=
142,-88,7hH082mArEO8ROwemJxqF+IJHS0=,C08Z0ZHJwlfkD4//R4HqZoy86EU=
134,-88,7hH082mArEO8ROwemJxqF+IJHS0=,C08Z0ZHJwlfkD4//R4HqZoy86EU=
139,-88,7hH082mArEO8ROwemJxqF+IJHS0=,C08Z0ZHJwlfkD4//R4HqZoy86EU=
130,-91,7hH082mArEO8ROwemJxqF+IJHS0=,C08Z0ZHJwlfkD4//R4HqZoy86EU=
137,-88,7hH082mArEO8ROwemJxqF+IJHS0=,C08Z0ZHJwlfkD4//R4HqZoy86EU=
131,-88,7hH082mArEO8ROwemJxqF+IJHS0=,C08Z0ZHJwlfkD4//R4HqZoy86EU=
133,-88,7hH082mArEO8ROwemJxqF+IJHS0=,C08Z0ZHJwlfkD4//R4HqZoy86EU=
132,-88,7hH082mArEO8ROwemJxqF+IJHS0=,C08Z0ZHJwlfkD4//R4HqZoy86EU=
138,-88,7hH082mArEO8ROwemJxqF+IJHS0=,C08Z0ZHJwlfkD4//R4HqZoy86EU=
130,-88,7hH082mArEO8ROwemJxqF+IJHS0=,C08Z0ZHJwlfkD4//R4HqZoy86EU=
143,-89,7hH082mArEO8ROwemJxqF+IJHS0=,C08Z0ZHJwlfkD4//R4HqZoy86EU=
136,-88,7hH082mArEO8ROwemJxqF+IJHS0=,C08Z0ZHJwlfkD4//R4HqZoy86EU=
131,-91,7hH082mArEO8ROwemJxqF+IJHS0=,C08Z0ZHJwlfkD4//R4HqZoy86EU=
140,-89,7hH082mArEO8ROwemJxqF+IJHS0=,C08Z0ZHJwlfkD4//R4HqZoy86EU=
137,-96,7hH082mArEO8ROwemJxqF+IJHS0=,C08Z0ZHJwlfkD4//R4HqZoy86EU=
129,-88,7hH082mArEO8ROwemJxqF+IJHS0=,C08Z0ZHJwlfkD4//R4HqZoy86EU=
142,-89,7hH082mArEO8ROwemJxqF+IJHS0=,C08Z0ZHJwlfkD4//R4HqZoy86EU=
130,-93,7hH082mArEO8ROwemJxqF+IJHS0=,C08Z0ZHJwlfkD4//R4HqZoy86EU=
137,-89,7hH082mArEO8ROwemJxqF+IJHS0=,C08Z0ZHJwlfkD4//R4HqZoy86EU=
132,-91,7hH082mArEO8ROwemJxqF+IJHS0=,C08Z0ZHJwlfkD4//R4HqZoy86EU=
136,-89,7hH082mArEO8ROwemJxqF+IJHS0=,C08Z0ZHJwlfkD4//R4HqZoy86EU=
134,-89,7hH082mArEO8ROwemJxqF+IJHS0=,C08Z0ZHJwlfkD4//R4HqZoy86EU=
141,-89,7hH082mArEO8ROwemJxqF+IJHS0=,C08Z0ZHJwlfkD4//R4HqZoy86EU=
133,-89,7hH082mArEO8ROwemJxqF+IJHS0=,C08Z0ZHJwlfkD4//R4HqZoy86EU=
139,-89,7hH082mArEO8ROwemJxqF+IJHS0=,C08Z0ZHJwlfkD4//R4HqZoy86EU=
135,-95,7hH082mArEO8ROwemJxqF+IJHS0=,C08Z0ZHJwlfkD4//R4HqZoy86EU=
128,-88,7hH082mArEO8ROwemJxqF+IJHS0=,C08Z0ZHJwlfkD4//R4HqZoy86EU=
138,-89,7hH082mArEO8ROwemJxqF+IJHS0=,C08Z0ZHJwlfkD4//R4HqZoy86EU=
130,-89,7hH082mArEO8ROwemJxqF+IJHS0=,C08Z0ZHJwlfkD4//R4HqZoy86EU=
132,-89,7hH082mArEO8ROwemJxqF+IJHS0=,C08Z0ZHJwlfkD4//R4HqZoy86EU=
135,-89,7hH082mArEO8ROwemJxqF+IJHS0=,C08Z0ZHJwlfkD4//R4HqZoy86EU=
131,-89,7hH082mArEO8ROwemJxqF+IJHS0=,C08Z0ZHJwlfkD4//R4HqZoy86EU=
134,-95,7hH082mArEO8ROwemJxqF+IJHS0=,C08Z0ZHJwlfkD4//R4HqZoy86EU=
139,-90,7hH082mArEO8ROwemJxqF+IJHS0=,C08Z0ZHJwlfkD4//R4HqZoy86EU=
128,-89,7hH082mArEO8ROwemJxqF+IJHS0=,C08Z0ZHJwlfkD4//R4HqZoy86EU=
140,-90,7hH082mArEO8ROwemJxqF+IJHS0=,C08Z0ZHJwlfkD4//R4HqZoy86EU=
136,-96,7hH082mArEO8ROwemJxqF+IJHS0=,C08Z0ZHJwlfkD4//R4HqZoy86EU=
133,-91,7hH082mArEO8ROwemJxqF+IJHS0=,C08Z0ZHJwlfkD4//R4HqZoy86EU=
138,-90,7hH082mArEO8ROwemJxqF+IJHS0=,C08Z0ZHJwlfkD4//R4HqZoy86EU=
129,-93,7hH082mArEO8ROwemJxqF+IJHS0=,C08Z0ZHJwlfkD4//R4HqZoy86EU=
137,-90,7hH082mArEO8ROwemJxqF+IJHS0=,C08Z0ZHJwlfkD4//R4HqZoy86EU=
136,-90,7hH082mArEO8ROwemJxqF+IJHS0=,C08Z0ZHJwlfkD4//R4HqZoy86EU=
129,-89,7hH082mArEO8ROwemJxqF+IJHS0=,C08Z0ZHJwlfkD4//R4HqZoy86EU=
143,-90,7hH082mArEO8ROwemJxqF+IJHS0=,C08Z0ZHJwlfkD4//R4HqZoy86EU=
135,-90,7hH082mArEO8ROwemJxqF+IJHS0=,C08Z0ZHJwlfkD4//R4HqZoy86EU=
134,-91,7hH082mArEO8ROwemJxqF+IJHS0=,C08Z0ZHJwlfkD4//R4HqZoy86EU=
133,-90,7hH082mArEO8ROwemJxqF+IJHS0=,C08Z0ZHJwlfkD4//R4HqZoy86EU=
142,-90,7hH082mArEO8ROwemJxqF+IJHS0=,C08Z0ZHJwlfkD4//R4HqZoy86EU=
130,-90,7hH082mArEO8ROwemJxqF+IJHS0=,C08Z0ZHJwlfkD4//R4HqZoy86EU=
131,-90,7hH082mArEO8ROwemJxqF+IJHS0=,C08Z0ZHJwlfkD4//R4HqZoy86EU=
129,-90,7hH082mArEO8ROwemJxqF+IJHS0=,C08Z0ZHJwlfkD4//R4HqZoy86EU=
141,-90,7hH082mArEO8ROwemJxqF+IJHS0=,C08Z0ZHJwlfkD4//R4HqZoy86EU=
134,-90,7hH082mArEO8ROwemJxqF+IJHS0=,C08Z0ZHJwlfkD4//R4HqZoy86EU=
132,-90,7hH082mArEO8ROwemJxqF+IJHS0=,C08Z0ZHJwlfkD4//R4HqZoy86EU=
135,-91,7hH082mArEO8ROwemJxqF+IJHS0=,C08Z0ZHJwlfkD4//R4HqZoy86EU=
128,-90,7hH082mArEO8ROwemJxqF+IJHS0=,C08Z0ZHJwlfkD4//R4HqZoy86EU=
143,-91,7hH082mArEO8ROwemJxqF+IJHS0=,C08Z0ZHJwlfkD4//R4HqZoy86EU=
139,-91,7hH082mArEO8ROwemJxqF+IJHS0=,C08Z0ZHJwlfkD4//R4HqZoy86EU=
141,-91,7hH082mArEO8ROwemJxqF+IJHS0=,C08Z0ZHJwlfkD4//R4HqZoy86EU=
128,-93,7hH082mArEO8ROwemJxqF+IJHS0=,C08Z0ZHJwlfkD4//R4HqZoy86EU=
133,-95,7hH082mArEO8ROwemJxqF+IJHS0=,C08Z0ZHJwlfkD4//R4HqZoy86EU=
142,-91,7hH082mArEO8ROwemJxqF+IJHS0=,C08Z0ZHJwlfkD4//R4HqZoy86EU=
136,-91,7hH082mArEO8ROwemJxqF+IJHS0=,C08Z0ZHJwlfkD4//R4HqZoy86EU=
135,-96,7hH082mArEO8ROwemJxqF+IJHS0=,C08Z0ZHJwlfkD4//R4HqZoy86EU=
138,-91,7hH082mArEO8ROwemJxqF+IJHS0=,C08Z0ZHJwlfkD4//R4HqZoy86EU=
137,-91,7hH082mArEO8ROwemJxqF+IJHS0=,C08Z0ZHJwlfkD4//R4HqZoy86EU=
132,-95,7hH082mArEO8ROwemJxqF+IJHS0=,C08Z0ZHJwlfkD4//R4HqZoy86EU=
140,-91,7hH082mArEO8ROwemJxqF+IJHS0=,C08Z0ZHJwlfkD4//R4HqZoy86EU=
131,-80,7hH082mArEO8ROwemJxqF+IJHS0=,mlsaeMPu3vXDXDxiHzEqCxLJyEo=
142,-78,7hH082mArEO8ROwemJxqF+IJHS0=,mlsaeMPu3vXDXDxiHzEqCxLJyEo=
139,-65,7hH082mArEO8ROwemJxqF+IJHS0=,mlsaeMPu3vXDXDxiHzEqCxLJyEo=
143,-65,7hH082mArEO8ROwemJxqF+IJHS0=,mlsaeMPu3vXDXDxiHzEqCxLJyEo=
140,-65,7hH082mArEO8ROwemJxqF+IJHS0=,mlsaeMPu3vXDXDxiHzEqCxLJyEo=
141,-78,7hH082mArEO8ROwemJxqF+IJHS0=,mlsaeMPu3vXDXDxiHzEqCxLJyEo=
143,-78,7hH082mArEO8ROwemJxqF+IJHS0=,mlsaeMPu3vXDXDxiHzEqCxLJyEo=
137,-65,7hH082mArEO8ROwemJxqF+IJHS0=,mlsaeMPu3vXDXDxiHzEqCxLJyEo=
136,-65,7hH082mArEO8ROwemJxqF+IJHS0=,mlsaeMPu3vXDXDxiHzEqCxLJyEo=
142,-65,7hH082mArEO8ROwemJxqF+IJHS0=,mlsaeMPu3vXDXDxiHzEqCxLJyEo=
135,-65,7hH082mArEO8ROwemJxqF+IJHS0=,mlsaeMPu3vXDXDxiHzEqCxLJyEo=
138,-65,7hH082mArEO8ROwemJxqF+IJHS0=,mlsaeMPu3vXDXDxiHzEqCxLJyEo=
141,-65,7hH082mArEO8ROwemJxqF+IJHS0=,mlsaeMPu3vXDXDxiHzEqCxLJyEo=
128,-77,7hH082mArEO8ROwemJxqF+IJHS0=,mlsaeMPu3vXDXDxiHzEqCxLJyEo=
133,-65,7hH082mArEO8ROwemJxqF+IJHS0=,mlsaeMPu3vXDXDxiHzEqCxLJyEo=
132,-65,7hH082mArEO8ROwemJxqF+IJHS0=,mlsaeMPu3vXDXDxiHzEqCxLJyEo=
134,-65,7hH082mArEO8ROwemJxqF+IJHS0=,mlsaeMPu3vXDXDxiHzEqCxLJyEo=
131,-65,7hH082mArEO8ROwemJxqF+IJHS0=,mlsaeMPu3vXDXDxiHzEqCxLJyEo=
129,-77,7hH082mArEO8ROwemJxqF+IJHS0=,mlsaeMPu3vXDXDxiHzEqCxLJyEo=
140,-79,7hH082mArEO8ROwemJxqF+IJHS0=,mlsaeMPu3vXDXDxiHzEqCxLJyEo=
141,-79,7hH082mArEO8ROwemJxqF+IJHS0=,mlsaeMPu3vXDXDxiHzEqCxLJyEo=
130,-65,7hH082mArEO8ROwemJxqF+IJHS0=,mlsaeMPu3vXDXDxiHzEqCxLJyEo=
129,-79,7hH082mArEO8ROwemJxqF+IJHS0=,mlsaeMPu3vXDXDxiHzEqCxLJyEo=
129,-65,7hH082mArEO8ROwemJxqF+IJHS0=,mlsaeMPu3vXDXDxiHzEqCxLJyEo=
130,-77,7hH082mArEO8ROwemJxqF+IJHS0=,mlsaeMPu3vXDXDxiHzEqCxLJyEo=
143,-79,7hH082mArEO8ROwemJxqF+IJHS0=,mlsaeMPu3vXDXDxiHzEqCxLJyEo=
142,-79,7hH082mArEO8ROwemJxqF+IJHS0=,mlsaeMPu3vXDXDxiHzEqCxLJyEo=
137,-79,7hH082mArEO8ROwemJxqF+IJHS0=,mlsaeMPu3vXDXDxiHzEqCxLJyEo=
133,-79,7hH082mArEO8ROwemJxqF+IJHS0=,mlsaeMPu3vXDXDxiHzEqCxLJyEo=
138,-79,7hH082mArEO8ROwemJxqF+IJHS0=,mlsaeMPu3vXDXDxiHzEqCxLJyEo=
139,-79,7hH082mArEO8ROwemJxqF+IJHS0=,mlsaeMPu3vXDXDxiHzEqCxLJyEo=
136,-79,7hH082mArEO8ROwemJxqF+IJHS0=,mlsaeMPu3vXDXDxiHzEqCxLJyEo=
134,-79,7hH082mArEO8ROwemJxqF+IJHS0=,mlsaeMPu3vXDXDxiHzEqCxLJyEo=
135,-79,7hH082mArEO8ROwemJxqF+IJHS0=,mlsaeMPu3vXDXDxiHzEqCxLJyEo=
131,-79,7hH082mArEO8ROwemJxqF+IJHS0=,mlsaeMPu3vXDXDxiHzEqCxLJyEo=
131,-77,7hH082mArEO8ROwemJxqF+IJHS0=,mlsaeMPu3vXDXDxiHzEqCxLJyEo=
128,-65,7hH082mArEO8ROwemJxqF+IJHS0=,mlsaeMPu3vXDXDxiHzEqCxLJyEo=
132,-79,7hH082mArEO8ROwemJxqF+IJHS0=,mlsaeMPu3vXDXDxiHzEqCxLJyEo=
130,-80,7hH082mArEO8ROwemJxqF+IJHS0=,mlsaeMPu3vXDXDxiHzEqCxLJyEo=
130,-79,7hH082mArEO8ROwemJxqF+IJHS0=,mlsaeMPu3vXDXDxiHzEqCxLJyEo=
143,-66,7hH082mArEO8ROwemJxqF+IJHS0=,mlsaeMPu3vXDXDxiHzEqCxLJyEo=
140,-66,7hH082mArEO8ROwemJxqF+IJHS0=,mlsaeMPu3vXDXDxiHzEqCxLJyEo=
128,-78,7hH082mArEO8ROwemJxqF+IJHS0=,mlsaeMPu3vXDXDxiHzEqCxLJyEo=
141,-66,7hH082mArEO8ROwemJxqF+IJHS0=,mlsaeMPu3vXDXDxiHzEqCxLJyEo=
142,-66,7hH082mArEO8ROwemJxqF+IJHS0=,mlsaeMPu3vXDXDxiHzEqCxLJyEo=
140,-78,7hH082mArEO8ROwemJxqF+IJHS0=,mlsaeMPu3vXDXDxiHzEqCxLJyEo=
136,-66,7hH082mArEO8ROwemJxqF+IJHS0=,mlsaeMPu3vXDXDxiHzEqCxLJyEo=
139,-66,7hH082mArEO8ROwemJxqF+IJHS0=,mlsaeMPu3vXDXDxiHzEqCxLJyEo=
137,-66,7hH082mArEO8ROwemJxqF+IJHS0=,mlsaeMPu3vXDXDxiHzEqCxLJyEo=
138,-66,7hH082mArEO8ROwemJxqF+IJHS0=,mlsaeMPu3vXDXDxiHzEqCxLJyEo=
132,-77,7hH082mArEO8ROwemJxqF+IJHS0=,mlsaeMPu3vXDXDxiHzEqCxLJyEo=
135,-66,7hH082mArEO8ROwemJxqF+IJHS0=,mlsaeMPu3vXDXDxiHzEqCxLJyEo=
134,-66,7hH082mArEO8ROwemJxqF+IJHS0=,mlsaeMPu3vXDXDxiHzEqCxLJyEo=
131,-66,7hH082mArEO8ROwemJxqF+IJHS0=,mlsaeMPu3vXDXDxiHzEqCxLJyEo=
132,-66,7hH082mArEO8ROwemJxqF+IJHS0=,mlsaeMPu3vXDXDxiHzEqCxLJyEo=
133,-66,7hH082mArEO8ROwemJxqF+IJHS0=,mlsaeMPu3vXDXDxiHzEqCxLJyEo=
129,-66,7hH082mArEO8ROwemJxqF+IJHS0=,mlsaeMPu3vXDXDxiHzEqCxLJyEo=
128,-66,7hH082mArEO8ROwemJxqF+IJHS0=,mlsaeMPu3vXDXDxiHzEqCxLJyEo=
143,-67,7hH082mArEO8ROwemJxqF+IJHS0=,mlsaeMPu3vXDXDxiHzEqCxLJyEo=
130,-66,7hH082mArEO8ROwemJxqF+IJHS0=,mlsaeMPu3vXDXDxiHzEqCxLJyEo=
132,-80,7hH082mArEO8ROwemJxqF+IJHS0=,mlsaeMPu3vXDXDxiHzEqCxLJyEo=
139,-78,7hH082mArEO8ROwemJxqF+IJHS0=,mlsaeMPu3vXDXDxiHzEqCxLJyEo=
128,-79,7hH082mArEO8ROwemJxqF+IJHS0=,mlsaeMPu3vXDXDxiHzEqCxLJyEo=
143,-80,7hH082mArEO8ROwemJxqF+IJHS0=,mlsaeMPu3vXDXDxiHzEqCxLJyEo=
142,-67,7hH082mArEO8ROwemJxqF+IJHS0=,mlsaeMPu3vXDXDxiHzEqCxLJyEo=
141,-67,7hH082mArEO8ROwemJxqF+IJHS0=,mlsaeMPu3vXDXDxiHzEqCxLJyEo=
139,-67,7hH082mArEO8ROwemJxqF+IJHS0=,mlsaeMPu3vXDXDxiHzEqCxLJyEo=
135,-67,7hH082mArEO8ROwemJxqF+IJHS0=,mlsaeMPu3vXDXDxiHzEqCxLJyEo=
134,-67,7hH082mArEO8ROwemJxqF+IJHS0=,mlsaeMPu3vXDXDxiHzEqCxLJyEo=
133,-77,7hH082mArEO8ROwemJxqF+IJHS0=,mlsaeMPu3vXDXDxiHzEqCxLJyEo=
140,-67,7hH082mArEO8ROwemJxqF+IJHS0=,mlsaeMPu3vXDXDxiHzEqCxLJyEo=
138,-67,7hH082mArEO8ROwemJxqF+IJHS0=,mlsaeMPu3vXDXDxiHzEqCxLJyEo=
136,-67,7hH082mArEO8ROwemJxqF+IJHS0=,mlsaeMPu3vXDXDxiHzEqCxLJyEo=
137,-67,7hH082mArEO8ROwemJxqF+IJHS0=,mlsaeMPu3vXDXDxiHzEqCxLJyEo=
133,-67,7hH082mArEO8ROwemJxqF+IJHS0=,mlsaeMPu3vXDXDxiHzEqCxLJyEo=
132,-67,7hH082mArEO8ROwemJxqF+IJHS0=,mlsaeMPu3vXDXDxiHzEqCxLJyEo=
129,-80,7hH082mArEO8ROwemJxqF+IJHS0=,mlsaeMPu3vXDXDxiHzEqCxLJyEo=
134,-77,7hH082mArEO8ROwemJxqF+IJHS0=,mlsaeMPu3vXDXDxiHzEqCxLJyEo=
142,-68,7hH082mArEO8ROwemJxqF+IJHS0=,mlsaeMPu3vXDXDxiHzEqCxLJyEo=
141,-68,7hH082mArEO8ROwemJxqF+IJHS0=,mlsaeMPu3vXDXDxiHzEqCxLJyEo=
135,-77,7hH082mArEO8ROwemJxqF+IJHS0=,mlsaeMPu3vXDXDxiHzEqCxLJyEo=
142,-80,7hH082mArEO8ROwemJxqF+IJHS0=,mlsaeMPu3vXDXDxiHzEqCxLJyEo=
140,-68,7hH082mArEO8ROwemJxqF+IJHS0=,mlsaeMPu3vXDXDxiHzEqCxLJyEo=
136,-77,7hH082mArEO8ROwemJxqF+IJHS0=,mlsaeMPu3vXDXDxiHzEqCxLJyEo=
139,-68,7hH082mArEO8ROwemJxqF+IJHS0=,mlsaeMPu3vXDXDxiHzEqCxLJyEo=
138,-68,7hH082mArEO8ROwemJxqF+IJHS0=,mlsaeMPu3vXDXDxiHzEqCxLJyEo=
137,-68,7hH082mArEO8ROwemJxqF+IJHS0=,mlsaeMPu3vXDXDxiHzEqCxLJyEo=
131,-67,7hH082mArEO8ROwemJxqF+IJHS0=,mlsaeMPu3vXDXDxiHzEqCxLJyEo=
130,-67,7hH082mArEO8ROwemJxqF+IJHS0=,mlsaeMPu3vXDXDxiHzEqCxLJyEo=
136,-68,7hH082mArEO8ROwemJxqF+IJHS0=,mlsaeMPu3vXDXDxiHzEqCxLJyEo=
132,-68,7hH082mArEO8ROwemJxqF+IJHS0=,mlsaeMPu3vXDXDxiHzEqCxLJyEo=
130,-68,7hH082mArEO8ROwemJxqF+IJHS0=,mlsaeMPu3vXDXDxiHzEqCxLJyEo=
129,-68,7hH082mArEO8ROwemJxqF+IJHS0=,mlsaeMPu3vXDXDxiHzEqCxLJyEo=
137,-77,7hH082mArEO8ROwemJxqF+IJHS0=,mlsaeMPu3vXDXDxiHzEqCxLJyEo=
143,-68,7hH082mArEO8ROwemJxqF+IJHS0=,mlsaeMPu3vXDXDxiHzEqCxLJyEo=
133,-68,7hH082mArEO8ROwemJxqF+IJHS0=,mlsaeMPu3vXDXDxiHzEqCxLJyEo=
134,-68,7hH082mArEO8ROwemJxqF+IJHS0=,mlsaeMPu3vXDXDxiHzEqCxLJyEo=
135,-68,7hH082mArEO8ROwemJxqF+IJHS0=,mlsaeMPu3vXDXDxiHzEqCxLJyEo=
131,-68,7hH082mArEO8ROwemJxqF+IJHS0=,mlsaeMPu3vXDXDxiHzEqCxLJyEo=
128,-68,7hH082mArEO8ROwemJxqF+IJHS0=,mlsaeMPu3vXDXDxiHzEqCxLJyEo=
129,-67,7hH082mArEO8ROwemJxqF+IJHS0=,mlsaeMPu3vXDXDxiHzEqCxLJyEo=
142,-69,7hH082mArEO8ROwemJxqF+IJHS0=,mlsaeMPu3vXDXDxiHzEqCxLJyEo=
138,-77,7hH082mArEO8ROwemJxqF+IJHS0=,mlsaeMPu3vXDXDxiHzEqCxLJyEo=
141,-69,7hH082mArEO8ROwemJxqF+IJHS0=,mlsaeMPu3vXDXDxiHzEqCxLJyEo=
139,-69,7hH082mArEO8ROwemJxqF+IJHS0=,mlsaeMPu3vXDXDxiHzEqCxLJyEo=
138,-78,7hH082mArEO8ROwemJxqF+IJHS0=,mlsaeMPu3vXDXDxiHzEqCxLJyEo=
143,-69,7hH082mArEO8ROwemJxqF+IJHS0=,mlsaeMPu3vXDXDxiHzEqCxLJyEo=
137,-78,7hH082mArEO8ROwemJxqF+IJHS0=,mlsaeMPu3vXDXDxiHzEqCxLJyEo=
140,-69,7hH082mArEO8ROwemJxqF+IJHS0=,mlsaeMPu3vXDXDxiHzEqCxLJyEo=
138,-69,7hH082mArEO8ROwemJxqF+IJHS0=,mlsaeMPu3vXDXDxiHzEqCxLJyEo=
137,-69,7hH082mArEO8ROwemJxqF+IJHS0=,mlsaeMPu3vXDXDxiHzEqCxLJyEo=
136,-69,7hH082mArEO8ROwemJxqF+IJHS0=,mlsaeMPu3vXDXDxiHzEqCxLJyEo=
139,-77,7hH082mArEO8ROwemJxqF+IJHS0=,mlsaeMPu3vXDXDxiHzEqCxLJyEo=
132,-69,7hH082mArEO8ROwemJxqF+IJHS0=,mlsaeMPu3vXDXDxiHzEqCxLJyEo=
131,-69,7hH082mArEO8ROwemJxqF+IJHS0=,mlsaeMPu3vXDXDxiHzEqCxLJyEo=
141,-80,7hH082mArEO8ROwemJxqF+IJHS0=,mlsaeMPu3vXDXDxiHzEqCxLJyEo=
133,-69,7hH082mArEO8ROwemJxqF+IJHS0=,mlsaeMPu3vXDXDxiHzEqCxLJyEo=
135,-69,7hH082mArEO8ROwemJxqF+IJHS0=,mlsaeMPu3vXDXDxiHzEqCxLJyEo=
130,-69,7hH082mArEO8ROwemJxqF+IJHS0=,mlsaeMPu3vXDXDxiHzEqCxLJyEo=
128,-67,7hH082mArEO8ROwemJxqF+IJHS0=,mlsaeMPu3vXDXDxiHzEqCxLJyEo=
141,-70,7hH082mArEO8ROwemJxqF+IJHS0=,mlsaeMPu3vXDXDxiHzEqCxLJyEo=
142,-70,7hH082mArEO8ROwemJxqF+IJHS0=,mlsaeMPu3vXDXDxiHzEqCxLJyEo=
140,-70,7hH082mArEO8ROwemJxqF+IJHS0=,mlsaeMPu3vXDXDxiHzEqCxLJyEo=
134,-69,7hH082mArEO8ROwemJxqF+IJHS0=,mlsaeMPu3vXDXDxiHzEqCxLJyEo=
129,-69,7hH082mArEO8ROwemJxqF+IJHS0=,mlsaeMPu3vXDXDxiHzEqCxLJyEo=
143,-70,7hH082mArEO8ROwemJxqF+IJHS0=,mlsaeMPu3vXDXDxiHzEqCxLJyEo=
139,-70,7hH082mArEO8ROwemJxqF+IJHS0=,mlsaeMPu3vXDXDxiHzEqCxLJyEo=
137,-70,7hH082mArEO8ROwemJxqF+IJHS0=,mlsaeMPu3vXDXDxiHzEqCxLJyEo=
138,-70,7hH082mArEO8ROwemJxqF+IJHS0=,mlsaeMPu3vXDXDxiHzEqCxLJyEo=
136,-78,7hH082mArEO8ROwemJxqF+IJHS0=,mlsaeMPu3vXDXDxiHzEqCxLJyEo=
136,-70,7hH082mArEO8ROwemJxqF+IJHS0=,mlsaeMPu3vXDXDxiHzEqCxLJyEo=
131,-70,7hH082mArEO8ROwemJxqF+IJHS0=,mlsaeMPu3vXDXDxiHzEqCxLJyEo=
140,-80,7hH082mArEO8ROwemJxqF+IJHS0=,mlsaeMPu3vXDXDxiHzEqCxLJyEo=
134,-70,7hH082mArEO8ROwemJxqF+IJHS0=,mlsaeMPu3vXDXDxiHzEqCxLJyEo=
130,-70,7hH082mArEO8ROwemJxqF+IJHS0=,mlsaeMPu3vXDXDxiHzEqCxLJyEo=
128,-69,7hH082mArEO8ROwemJxqF+IJHS0=,mlsaeMPu3vXDXDxiHzEqCxLJyEo=
129,-70,7hH082mArEO8ROwemJxqF+IJHS0=,mlsaeMPu3vXDXDxiHzEqCxLJyEo=
142,-71,7hH082mArEO8ROwemJxqF+IJHS0=,mlsaeMPu3vXDXDxiHzEqCxLJyEo=
141,-71,7hH082mArEO8ROwemJxqF+IJHS0=,mlsaeMPu3vXDXDxiHzEqCxLJyEo=
140,-77,7hH082mArEO8ROwemJxqF+IJHS0=,mlsaeMPu3vXDXDxiHzEqCxLJyEo=
143,-71,7hH082mArEO8ROwemJxqF+IJHS0=,mlsaeMPu3vXDXDxiHzEqCxLJyEo=
139,-71,7hH082mArEO8ROwemJxqF+IJHS0=,mlsaeMPu3vXDXDxiHzEqCxLJyEo=
138,-71,7hH082mArEO8ROwemJxqF+IJHS0=,mlsaeMPu3vXDXDxiHzEqCxLJyEo=
141,-77,7hH082mArEO8ROwemJxqF+IJHS0=,mlsaeMPu3vXDXDxiHzEqCxLJyEo=
135,-78,7hH082mArEO8ROwemJxqF+IJHS0=,mlsaeMPu3vXDXDxiHzEqCxLJyEo=
135,-71,7hH082mArEO8ROwemJxqF+IJHS0=,mlsaeMPu3vXDXDxiHzEqCxLJyEo=
136,-71,7hH082mArEO8ROwemJxqF+IJHS0=,mlsaeMPu3vXDXDxiHzEqCxLJyEo=
133,-71,7hH082mArEO8ROwemJxqF+IJHS0=,mlsaeMPu3vXDXDxiHzEqCxLJyEo=
134,-71,7hH082mArEO8ROwemJxqF+IJHS0=,mlsaeMPu3vXDXDxiHzEqCxLJyEo=
142,-77,7hH082mArEO8ROwemJxqF+IJHS0=,mlsaeMPu3vXDXDxiHzEqCxLJyEo=
139,-80,7hH082mArEO8ROwemJxqF+IJHS0=,mlsaeMPu3vXDXDxiHzEqCxLJyEo=
131,-71,7hH082mArEO8ROwemJxqF+IJHS0=,mlsaeMPu3vXDXDxiHzEqCxLJyEo=
132,-71,7hH082mArEO8ROwemJxqF+IJHS0=,mlsaeMPu3vXDXDxiHzEqCxLJyEo=
130,-71,7hH082mArEO8ROwemJxqF+IJHS0=,mlsaeMPu3vXDXDxiHzEqCxLJyEo=
135,-70,7hH082mArEO8ROwemJxqF+IJHS0=,mlsaeMPu3vXDXDxiHzEqCxLJyEo=
132,-70,7hH082mArEO8ROwemJxqF+IJHS0=,mlsaeMPu3vXDXDxiHzEqCxLJyEo=
133,-70,7hH082mArEO8ROwemJxqF+IJHS0=,mlsaeMPu3vXDXDxiHzEqCxLJyEo=
128,-70,7hH082mArEO8ROwemJxqF+IJHS0=,mlsaeMPu3vXDXDxiHzEqCxLJyEo=
137,-71,7hH082mArEO8ROwemJxqF+IJHS0=,mlsaeMPu3vXDXDxiHzEqCxLJyEo=
140,-71,7hH082mArEO8ROwemJxqF+IJHS0=,mlsaeMPu3vXDXDxiHzEqCxLJyEo=
129,-78,7hH082mArEO8ROwemJxqF+IJHS0=,mlsaeMPu3vXDXDxiHzEqCxLJyEo=
143,-72,7hH082mArEO8ROwemJxqF+IJHS0=,mlsaeMPu3vXDXDxiHzEqCxLJyEo=
141,-72,7hH082mArEO8ROwemJxqF+IJHS0=,mlsaeMPu3vXDXDxiHzEqCxLJyEo=
139,-72,7hH082mArEO8ROwemJxqF+IJHS0=,mlsaeMPu3vXDXDxiHzEqCxLJyEo=
140,-72,7hH082mArEO8ROwemJxqF+IJHS0=,mlsaeMPu3vXDXDxiHzEqCxLJyEo=
138,-72,7hH082mArEO8ROwemJxqF+IJHS0=,mlsaeMPu3vXDXDxiHzEqCxLJyEo=
142,-72,7hH082mArEO8ROwemJxqF+IJHS0=,mlsaeMPu3vXDXDxiHzEqCxLJyEo=
128,-71,7hH082mArEO8ROwemJxqF+IJHS0=,mlsaeMPu3vXDXDxiHzEqCxLJyEo=
136,-72,7hH082mArEO8ROwemJxqF+IJHS0=,mlsaeMPu3vXDXDxiHzEqCxLJyEo=
138,-80,7hH082mArEO8ROwemJxqF+IJHS0=,mlsaeMPu3vXDXDxiHzEqCxLJyEo=
143,-77,7hH082mArEO8ROwemJxqF+IJHS0=,mlsaeMPu3vXDXDxiHzEqCxLJyEo=
134,-78,7hH082mArEO8ROwemJxqF+IJHS0=,mlsaeMPu3vXDXDxiHzEqCxLJyEo=
128,-76,7hH082mArEO8ROwemJxqF+IJHS0=,mlsaeMPu3vXDXDxiHzEqCxLJyEo=
132,-72,7hH082mArEO8ROwemJxqF+IJHS0=,mlsaeMPu3vXDXDxiHzEqCxLJyEo=
131,-72,7hH082mArEO8ROwemJxqF+IJHS0=,mlsaeMPu3vXDXDxiHzEqCxLJyEo=
134,-72,7hH082mArEO8ROwemJxqF+IJHS0=,mlsaeMPu3vXDXDxiHzEqCxLJyEo=
143,-73,7hH082mArEO8ROwemJxqF+IJHS0=,mlsaeMPu3vXDXDxiHzEqCxLJyEo=
128,-80,7hH082mArEO8ROwemJxqF+IJHS0=,mlsaeMPu3vXDXDxiHzEqCxLJyEo=
142,-73,7hH082mArEO8ROwemJxqF+IJHS0=,mlsaeMPu3vXDXDxiHzEqCxLJyEo=
130,-72,7hH082mArEO8ROwemJxqF+IJHS0=,mlsaeMPu3vXDXDxiHzEqCxLJyEo=
133,-72,7hH082mArEO8ROwemJxqF+IJHS0=,mlsaeMPu3vXDXDxiHzEqCxLJyEo=
135,-72,7hH082mArEO8ROwemJxqF+IJHS0=,mlsaeMPu3vXDXDxiHzEqCxLJyEo=
129,-76,7hH082mArEO8ROwemJxqF+IJHS0=,mlsaeMPu3vXDXDxiHzEqCxLJyEo=
141,-73,7hH082mArEO8ROwemJxqF+IJHS0=,mlsaeMPu3vXDXDxiHzEqCxLJyEo=
138,-73,7hH082mArEO8ROwemJxqF+IJHS0=,mlsaeMPu3vXDXDxiHzEqCxLJyEo=
129,-71,7hH082mArEO8ROwemJxqF+IJHS0=,mlsaeMPu3vXDXDxiHzEqCxLJyEo=
137,-72,7hH082mArEO8ROwemJxqF+IJHS0=,mlsaeMPu3vXDXDxiHzEqCxLJyEo=
140,-73,7hH082mArEO8ROwemJxqF+IJHS0=,mlsaeMPu3vXDXDxiHzEqCxLJyEo=
137,-73,7hH082mArEO8ROwemJxqF+IJHS0=,mlsaeMPu3vXDXDxiHzEqCxLJyEo=
139,-73,7hH082mArEO8ROwemJxqF+IJHS0=,mlsaeMPu3vXDXDxiHzEqCxLJyEo=
131,-76,7hH082mArEO8ROwemJxqF+IJHS0=,mlsaeMPu3vXDXDxiHzEqCxLJyEo=
128,-72,7hH082mArEO8ROwemJxqF+IJHS0=,mlsaeMPu3vXDXDxiHzEqCxLJyEo=
136,-73,7hH082mArEO8ROwemJxqF+IJHS0=,mlsaeMPu3vXDXDxiHzEqCxLJyEo=
134,-73,7hH082mArEO8ROwemJxqF+IJHS0=,mlsaeMPu3vXDXDxiHzEqCxLJyEo=
129,-72,7hH082mArEO8ROwemJxqF+IJHS0=,mlsaeMPu3vXDXDxiHzEqCxLJyEo=
135,-73,7hH082mArEO8ROwemJxqF+IJHS0=,mlsaeMPu3vXDXDxiHzEqCxLJyEo=
130,-78,7hH082mArEO8ROwemJxqF+IJHS0=,mlsaeMPu3vXDXDxiHzEqCxLJyEo=
132,-73,7hH082mArEO8ROwemJxqF+IJHS0=,mlsaeMPu3vXDXDxiHzEqCxLJyEo=
137,-80,7hH082mArEO8ROwemJxqF+IJHS0=,mlsaeMPu3vXDXDxiHzEqCxLJyEo=
131,-73,7hH082mArEO8ROwemJxqF+IJHS0=,mlsaeMPu3vXDXDxiHzEqCxLJyEo=
133,-73,7hH082mArEO8ROwemJxqF+IJHS0=,mlsaeMPu3vXDXDxiHzEqCxLJyEo=
143,-74,7hH082mArEO8ROwemJxqF+IJHS0=,mlsaeMPu3vXDXDxiHzEqCxLJyEo=
132,-76,7hH082mArEO8ROwemJxqF+IJHS0=,mlsaeMPu3vXDXDxiHzEqCxLJyEo=
141,-74,7hH082mArEO8ROwemJxqF+IJHS0=,mlsaeMPu3vXDXDxiHzEqCxLJyEo=
130,-73,7hH082mArEO8ROwemJxqF+IJHS0=,mlsaeMPu3vXDXDxiHzEqCxLJyEo=
130,-76,7hH082mArEO8ROwemJxqF+IJHS0=,mlsaeMPu3vXDXDxiHzEqCxLJyEo=
133,-78,7hH082mArEO8ROwemJxqF+IJHS0=,mlsaeMPu3vXDXDxiHzEqCxLJyEo=
139,-74,7hH082mArEO8ROwemJxqF+IJHS0=,mlsaeMPu3vXDXDxiHzEqCxLJyEo=
138,-74,7hH082mArEO8ROwemJxqF+IJHS0=,mlsaeMPu3vXDXDxiHzEqCxLJyEo=
128,-73,7hH082mArEO8ROwemJxqF+IJHS0=,mlsaeMPu3vXDXDxiHzEqCxLJyEo=
133,-80,7hH082mArEO8ROwemJxqF+IJHS0=,mlsaeMPu3vXDXDxiHzEqCxLJyEo=
142,-74,7hH082mArEO8ROwemJxqF+IJHS0=,mlsaeMPu3vXDXDxiHzEqCxLJyEo=
137,-74,7hH082mArEO8ROwemJxqF+IJHS0=,mlsaeMPu3vXDXDxiHzEqCxLJyEo=
140,-74,7hH082mArEO8ROwemJxqF+IJHS0=,mlsaeMPu3vXDXDxiHzEqCxLJyEo=
133,-76,7hH082mArEO8ROwemJxqF+IJHS0=,mlsaeMPu3vXDXDxiHzEqCxLJyEo=
136,-80,7hH082mArEO8ROwemJxqF+IJHS0=,mlsaeMPu3vXDXDxiHzEqCxLJyEo=
135,-74,7hH082mArEO8ROwemJxqF+IJHS0=,mlsaeMPu3vXDXDxiHzEqCxLJyEo=
133,-74,7hH082mArEO8ROwemJxqF+IJHS0=,mlsaeMPu3vXDXDxiHzEqCxLJyEo=
134,-76,7hH082mArEO8ROwemJxqF+IJHS0=,mlsaeMPu3vXDXDxiHzEqCxLJyEo=
132,-74,7hH082mArEO8ROwemJxqF+IJHS0=,mlsaeMPu3vXDXDxiHzEqCxLJyEo=
136,-74,7hH082mArEO8ROwemJxqF+IJHS0=,mlsaeMPu3vXDXDxiHzEqCxLJyEo=
131,-74,7hH082mArEO8ROwemJxqF+IJHS0=,mlsaeMPu3vXDXDxiHzEqCxLJyEo=
134,-74,7hH082mArEO8ROwemJxqF+IJHS0=,mlsaeMPu3vXDXDxiHzEqCxLJyEo=
132,-78,7hH082mArEO8ROwemJxqF+IJHS0=,mlsaeMPu3vXDXDxiHzEqCxLJyEo=
129,-73,7hH082mArEO8ROwemJxqF+IJHS0=,mlsaeMPu3vXDXDxiHzEqCxLJyEo=
130,-74,7hH082mArEO8ROwemJxqF+IJHS0=,mlsaeMPu3vXDXDxiHzEqCxLJyEo=
135,-76,7hH082mArEO8ROwemJxqF+IJHS0=,mlsaeMPu3vXDXDxiHzEqCxLJyEo=
129,-74,7hH082mArEO8ROwemJxqF+IJHS0=,mlsaeMPu3vXDXDxiHzEqCxLJyEo=
128,-74,7hH082mArEO8ROwemJxqF+IJHS0=,mlsaeMPu3vXDXDxiHzEqCxLJyEo=
141,-75,7hH082mArEO8ROwemJxqF+IJHS0=,mlsaeMPu3vXDXDxiHzEqCxLJyEo=
139,-75,7hH082mArEO8ROwemJxqF+IJHS0=,mlsaeMPu3vXDXDxiHzEqCxLJyEo=
140,-75,7hH082mArEO8ROwemJxqF+IJHS0=,mlsaeMPu3vXDXDxiHzEqCxLJyEo=
136,-76,7hH082mArEO8ROwemJxqF+IJHS0=,mlsaeMPu3vXDXDxiHzEqCxLJyEo=
142,-75,7hH082mArEO8ROwemJxqF+IJHS0=,mlsaeMPu3vXDXDxiHzEqCxLJyEo=
143,-75,7hH082mArEO8ROwemJxqF+IJHS0=,mlsaeMPu3vXDXDxiHzEqCxLJyEo=
137,-75,7hH082mArEO8ROwemJxqF+IJHS0=,mlsaeMPu3vXDXDxiHzEqCxLJyEo=
138,-75,7hH082mArEO8ROwemJxqF+IJHS0=,mlsaeMPu3vXDXDxiHzEqCxLJyEo=
136,-75,7hH082mArEO8ROwemJxqF+IJHS0=,mlsaeMPu3vXDXDxiHzEqCxLJyEo=
135,-75,7hH082mArEO8ROwemJxqF+IJHS0=,mlsaeMPu3vXDXDxiHzEqCxLJyEo=
134,-75,7hH082mArEO8ROwemJxqF+IJHS0=,mlsaeMPu3vXDXDxiHzEqCxLJyEo=
137,-76,7hH082mArEO8ROwemJxqF+IJHS0=,mlsaeMPu3vXDXDxiHzEqCxLJyEo=
135,-80,7hH082mArEO8ROwemJxqF+IJHS0=,mlsaeMPu3vXDXDxiHzEqCxLJyEo=
133,-75,7hH082mArEO8ROwemJxqF+IJHS0=,mlsaeMPu3vXDXDxiHzEqCxLJyEo=
130,-75,7hH082mArEO8ROwemJxqF+IJHS0=,mlsaeMPu3vXDXDxiHzEqCxLJyEo=
132,-75,7hH082mArEO8ROwemJxqF+IJHS0=,mlsaeMPu3vXDXDxiHzEqCxLJyEo=
131,-78,7hH082mArEO8ROwemJxqF+IJHS0=,mlsaeMPu3vXDXDxiHzEqCxLJyEo=
131,-75,7hH082mArEO8ROwemJxqF+IJHS0=,mlsaeMPu3vXDXDxiHzEqCxLJyEo=
138,-76,7hH082mArEO8ROwemJxqF+IJHS0=,mlsaeMPu3vXDXDxiHzEqCxLJyEo=
128,-75,7hH082mArEO8ROwemJxqF+IJHS0=,mlsaeMPu3vXDXDxiHzEqCxLJyEo=
129,-75,7hH082mArEO8ROwemJxqF+IJHS0=,mlsaeMPu3vXDXDxiHzEqCxLJyEo=
141,-76,7hH082mArEO8ROwemJxqF+IJHS0=,mlsaeMPu3vXDXDxiHzEqCxLJyEo=
142,-76,7hH082mArEO8ROwemJxqF+IJHS0=,mlsaeMPu3vXDXDxiHzEqCxLJyEo=
139,-76,7hH082mArEO8ROwemJxqF+IJHS0=,mlsaeMPu3vXDXDxiHzEqCxLJyEo=
134,-80,7hH082mArEO8ROwemJxqF+IJHS0=,mlsaeMPu3vXDXDxiHzEqCxLJyEo=
143,-76,7hH082mArEO8ROwemJxqF+IJHS0=,mlsaeMPu3vXDXDxiHzEqCxLJyEo=
140,-76,7hH082mArEO8ROwemJxqF+IJHS0=,mlsaeMPu3vXDXDxiHzEqCxLJyEo=
