140,143,tvTBYdV4onJQ0mxATrSgTsiRQbY=,AIYA36CQvejZNtRK/T9Bllo9mWQ=
138,143,tvTBYdV4onJQ0mxATrSgTsiRQbY=,AIYA36CQvejZNtRK/T9Bllo9mWQ=
139,143,tvTBYdV4onJQ0mxATrSgTsiRQbY=,AIYA36CQvejZNtRK/T9Bllo9mWQ=
137,143,tvTBYdV4onJQ0mxATrSgTsiRQbY=,AIYA36CQvejZNtRK/T9Bllo9mWQ=
141,142,tvTBYdV4onJQ0mxATrSgTsiRQbY=,AIYA36CQvejZNtRK/T9Bllo9mWQ=
143,142,tvTBYdV4onJQ0mxATrSgTsiRQbY=,AIYA36CQvejZNtRK/T9Bllo9mWQ=
138,142,tvTBYdV4onJQ0mxATrSgTsiRQbY=,AIYA36CQvejZNtRK/T9Bllo9mWQ=
143,141,tvTBYdV4onJQ0mxATrSgTsiRQbY=,AIYA36CQvejZNtRK/T9Bllo9mWQ=
141,141,tvTBYdV4onJQ0mxATrSgTsiRQbY=,AIYA36CQvejZNtRK/T9Bllo9mWQ=
140,141,tvTBYdV4onJQ0mxATrSgTsiRQbY=,AIYA36CQvejZNtRK/T9Bllo9mWQ=
142,141,tvTBYdV4onJQ0mxATrSgTsiRQbY=,AIYA36CQvejZNtRK/T9Bllo9mWQ=
137,141,tvTBYdV4onJQ0mxATrSgTsiRQbY=,AIYA36CQvejZNtRK/T9Bllo9mWQ=
143,140,tvTBYdV4onJQ0mxATrSgTsiRQbY=,AIYA36CQvejZNtRK/T9Bllo9mWQ=
142,142,tvTBYdV4onJQ0mxATrSgTsiRQbY=,AIYA36CQvejZNtRK/T9Bllo9mWQ=
140,140,tvTBYdV4onJQ0mxATrSgTsiRQbY=,AIYA36CQvejZNtRK/T9Bllo9mWQ=
141,140,tvTBYdV4onJQ0mxATrSgTsiRQbY=,AIYA36CQvejZNtRK/T9Bllo9mWQ=
139,140,tvTBYdV4onJQ0mxATrSgTsiRQbY=,AIYA36CQvejZNtRK/T9Bllo9mWQ=
142,140,tvTBYdV4onJQ0mxATrSgTsiRQbY=,AIYA36CQvejZNtRK/T9Bllo9mWQ=
138,140,tvTBYdV4onJQ0mxATrSgTsiRQbY=,AIYA36CQvejZNtRK/T9Bllo9mWQ=
139,142,tvTBYdV4onJQ0mxATrSgTsiRQbY=,AIYA36CQvejZNtRK/T9Bllo9mWQ=
140,142,tvTBYdV4onJQ0mxATrSgTsiRQbY=,AIYA36CQvejZNtRK/T9Bllo9mWQ=
137,142,tvTBYdV4onJQ0mxATrSgTsiRQbY=,AIYA36CQvejZNtRK/T9Bllo9mWQ=
143,139,tvTBYdV4onJQ0mxATrSgTsiRQbY=,AIYA36CQvejZNtRK/T9Bllo9mWQ=
138,141,tvTBYdV4onJQ0mxATrSgTsiRQbY=,AIYA36CQvejZNtRK/T9Bllo9mWQ=
137,140,tvTBYdV4onJQ0mxATrSgTsiRQbY=,AIYA36CQvejZNtRK/T9Bllo9mWQ=
139,141,tvTBYdV4onJQ0mxATrSgTsiRQbY=,AIYA36CQvejZNtRK/T9Bllo9mWQ=
140,139,tvTBYdV4onJQ0mxATrSgTsiRQbY=,AIYA36CQvejZNtRK/T9Bllo9mWQ=
138,139,tvTBYdV4onJQ0mxATrSgTsiRQbY=,AIYA36CQvejZNtRK/T9Bllo9mWQ=
142,138,tvTBYdV4onJQ0mxATrSgTsiRQbY=,AIYA36CQvejZNtRK/T9Bllo9mWQ=
141,138,tvTBYdV4onJQ0mxATrSgTsiRQbY=,AIYA36CQvejZNtRK/T9Bllo9mWQ=
139,138,tvTBYdV4onJQ0mxATrSgTsiRQbY=,AIYA36CQvejZNtRK/T9Bllo9mWQ=
143,137,tvTBYdV4onJQ0mxATrSgTsiRQbY=,AIYA36CQvejZNtRK/T9Bllo9mWQ=
139,139,tvTBYdV4onJQ0mxATrSgTsiRQbY=,AIYA36CQvejZNtRK/T9Bllo9mWQ=
138,138,tvTBYdV4onJQ0mxATrSgTsiRQbY=,AIYA36CQvejZNtRK/T9Bllo9mWQ=
142,139,tvTBYdV4onJQ0mxATrSgTsiRQbY=,AIYA36CQvejZNtRK/T9Bllo9mWQ=
142,137,tvTBYdV4onJQ0mxATrSgTsiRQbY=,AIYA36CQvejZNtRK/T9Bllo9mWQ=
137,138,tvTBYdV4onJQ0mxATrSgTsiRQbY=,AIYA36CQvejZNtRK/T9Bllo9mWQ=
141,137,tvTBYdV4onJQ0mxATrSgTsiRQbY=,AIYA36CQvejZNtRK/T9Bllo9mWQ=
137,137,tvTBYdV4onJQ0mxATrSgTsiRQbY=,AIYA36CQvejZNtRK/T9Bllo9mWQ=
142,136,tvTBYdV4onJQ0mxATrSgTsiRQbY=,AIYA36CQvejZNtRK/T9Bllo9mWQ=
137,139,tvTBYdV4onJQ0mxATrSgTsiRQbY=,AIYA36CQvejZNtRK/T9Bllo9mWQ=
143,138,tvTBYdV4onJQ0mxATrSgTsiRQbY=,AIYA36CQvejZNtRK/T9Bllo9mWQ=
141,136,tvTBYdV4onJQ0mxATrSgTsiRQbY=,AIYA36CQvejZNtRK/T9Bllo9mWQ=
140,136,tvTBYdV4onJQ0mxATrSgTsiRQbY=,AIYA36CQvejZNtRK/T9Bllo9mWQ=
138,136,tvTBYdV4onJQ0mxATrSgTsiRQbY=,AIYA36CQvejZNtRK/T9Bllo9mWQ=
137,136,tvTBYdV4onJQ0mxATrSgTsiRQbY=,AIYA36CQvejZNtRK/T9Bllo9mWQ=
140,138,tvTBYdV4onJQ0mxATrSgTsiRQbY=,AIYA36CQvejZNtRK/T9Bllo9mWQ=
140,137,tvTBYdV4onJQ0mxATrSgTsiRQbY=,AIYA36CQvejZNtRK/T9Bllo9mWQ=
139,137,tvTBYdV4onJQ0mxATrSgTsiRQbY=,AIYA36CQvejZNtRK/T9Bllo9mWQ=
141,143,tvTBYdV4onJQ0mxATrSgTsiRQbY=,AIYA36CQvejZNtRK/T9Bllo9mWQ=
138,137,tvTBYdV4onJQ0mxATrSgTsiRQbY=,AIYA36CQvejZNtRK/T9Bllo9mWQ=
143,136,tvTBYdV4onJQ0mxATrSgTsiRQbY=,AIYA36CQvejZNtRK/T9Bllo9mWQ=
139,136,tvTBYdV4onJQ0mxATrSgTsiRQbY=,AIYA36CQvejZNtRK/T9Bllo9mWQ=
142,143,tvTBYdV4onJQ0mxATrSgTsiRQbY=,AIYA36CQvejZNtRK/T9Bllo9mWQ=
143,143,tvTBYdV4onJQ0mxATrSgTsiRQbY=,AIYA36CQvejZNtRK/T9Bllo9mWQ=
141,139,tvTBYdV4onJQ0mxATrSgTsiRQbY=,AIYA36CQvejZNtRK/T9Bllo9mWQ=
132,143,tvTBYdV4onJQ0mxATrSgTsiRQbY=,5tdmpP2P+EBgeg071RiG2pErw/w=
128,140,tvTBYdV4onJQ0mxATrSgTsiRQbY=,5tdmpP2P+EBgeg071RiG2pErw/w=
134,137,tvTBYdV4onJQ0mxATrSgTsiRQbY=,5tdmpP2P+EBgeg071RiG2pErw/w=
128,138,tvTBYdV4onJQ0mxATrSgTsiRQbY=,5tdmpP2P+EBgeg071RiG2pErw/w=
133,137,tvTBYdV4onJQ0mxATrSgTsiRQbY=,5tdmpP2P+EBgeg071RiG2pErw/w=
131,143,tvTBYdV4onJQ0mxATrSgTsiRQbY=,5tdmpP2P+EBgeg071RiG2pErw/w=
135,137,tvTBYdV4onJQ0mxATrSgTsiRQbY=,5tdmpP2P+EBgeg071RiG2pErw/w=
132,137,tvTBYdV4onJQ0mxATrSgTsiRQbY=,5tdmpP2P+EBgeg071RiG2pErw/w=
129,138,tvTBYdV4onJQ0mxATrSgTsiRQbY=,5tdmpP2P+EBgeg071RiG2pErw/w=
130,138,tvTBYdV4onJQ0mxATrSgTsiRQbY=,5tdmpP2P+EBgeg071RiG2pErw/w=
136,143,tvTBYdV4onJQ0mxATrSgTsiRQbY=,AIYA36CQvejZNtRK/T9Bllo9mWQ=
133,143,tvTBYdV4onJQ0mxATrSgTsiRQbY=,5tdmpP2P+EBgeg071RiG2pErw/w=
130,136,tvTBYdV4onJQ0mxATrSgTsiRQbY=,5tdmpP2P+EBgeg071RiG2pErw/w=
129,141,tvTBYdV4onJQ0mxATrSgTsiRQbY=,5tdmpP2P+EBgeg071RiG2pErw/w=
135,139,tvTBYdV4onJQ0mxATrSgTsiRQbY=,5tdmpP2P+EBgeg071RiG2pErw/w=
129,143,tvTBYdV4onJQ0mxATrSgTsiRQbY=,5tdmpP2P+EBgeg071RiG2pErw/w=
131,136,tvTBYdV4onJQ0mxATrSgTsiRQbY=,5tdmpP2P+EBgeg071RiG2pErw/w=
128,143,tvTBYdV4onJQ0mxATrSgTsiRQbY=,5tdmpP2P+EBgeg071RiG2pErw/w=
130,143,tvTBYdV4onJQ0mxATrSgTsiRQbY=,5tdmpP2P+EBgeg071RiG2pErw/w=
134,139,tvTBYdV4onJQ0mxATrSgTsiRQbY=,5tdmpP2P+EBgeg071RiG2pErw/w=
135,141,tvTBYdV4onJQ0mxATrSgTsiRQbY=,5tdmpP2P+EBgeg071RiG2pErw/w=
128,142,tvTBYdV4onJQ0mxATrSgTsiRQbY=,5tdmpP2P+EBgeg071RiG2pErw/w=
132,142,tvTBYdV4onJQ0mxATrSgTsiRQbY=,5tdmpP2P+EBgeg071RiG2pErw/w=
133,142,tvTBYdV4onJQ0mxATrSgTsiRQbY=,5tdmpP2P+EBgeg071RiG2pErw/w=
129,137,tvTBYdV4onJQ0mxATrSgTsiRQbY=,5tdmpP2P+EBgeg071RiG2pErw/w=
129,140,tvTBYdV4onJQ0mxATrSgTsiRQbY=,5tdmpP2P+EBgeg071RiG2pErw/w=
133,140,tvTBYdV4onJQ0mxATrSgTsiRQbY=,5tdmpP2P+EBgeg071RiG2pErw/w=
134,143,tvTBYdV4onJQ0mxATrSgTsiRQbY=,5tdmpP2P+EBgeg071RiG2pErw/w=
130,137,tvTBYdV4onJQ0mxATrSgTsiRQbY=,5tdmpP2P+EBgeg071RiG2pErw/w=
135,140,tvTBYdV4onJQ0mxATrSgTsiRQbY=,5tdmpP2P+EBgeg071RiG2pErw/w=
132,140,tvTBYdV4onJQ0mxATrSgTsiRQbY=,5tdmpP2P+EBgeg071RiG2pErw/w=
134,140,tvTBYdV4onJQ0mxATrSgTsiRQbY=,5tdmpP2P+EBgeg071RiG2pErw/w=
131,142,tvTBYdV4onJQ0mxATrSgTsiRQbY=,5tdmpP2P+EBgeg071RiG2pErw/w=
136,142,tvTBYdV4onJQ0mxATrSgTsiRQbY=,AIYA36CQvejZNtRK/T9Bllo9mWQ=
136,141,tvTBYdV4onJQ0mxATrSgTsiRQbY=,AIYA36CQvejZNtRK/T9Bllo9mWQ=
130,141,tvTBYdV4onJQ0mxATrSgTsiRQbY=,5tdmpP2P+EBgeg071RiG2pErw/w=
135,136,tvTBYdV4onJQ0mxATrSgTsiRQbY=,5tdmpP2P+EBgeg071RiG2pErw/w=
133,138,tvTBYdV4onJQ0mxATrSgTsiRQbY=,5tdmpP2P+EBgeg071RiG2pErw/w=
128,137,tvTBYdV4onJQ0mxATrSgTsiRQbY=,5tdmpP2P+EBgeg071RiG2pErw/w=
135,143,tvTBYdV4onJQ0mxATrSgTsiRQbY=,5tdmpP2P+EBgeg071RiG2pErw/w=
134,138,tvTBYdV4onJQ0mxATrSgTsiRQbY=,5tdmpP2P+EBgeg071RiG2pErw/w=
130,140,tvTBYdV4onJQ0mxATrSgTsiRQbY=,5tdmpP2P+EBgeg071RiG2pErw/w=
133,139,tvTBYdV4onJQ0mxATrSgTsiRQbY=,5tdmpP2P+EBgeg071RiG2pErw/w=
131,141,tvTBYdV4onJQ0mxATrSgTsiRQbY=,5tdmpP2P+EBgeg071RiG2pErw/w=
128,141,tvTBYdV4onJQ0mxATrSgTsiRQbY=,5tdmpP2P+EBgeg071RiG2pErw/w=
136,136,tvTBYdV4onJQ0mxATrSgTsiRQbY=,AIYA36CQvejZNtRK/T9Bllo9mWQ=
131,137,tvTBYdV4onJQ0mxATrSgTsiRQbY=,5tdmpP2P+EBgeg071RiG2pErw/w=
131,140,tvTBYdV4onJQ0mxATrSgTsiRQbY=,5tdmpP2P+EBgeg071RiG2pErw/w=
129,136,tvTBYdV4onJQ0mxATrSgTsiRQbY=,5tdmpP2P+EBgeg071RiG2pErw/w=
132,139,tvTBYdV4onJQ0mxATrSgTsiRQbY=,5tdmpP2P+EBgeg071RiG2pErw/w=
136,140,tvTBYdV4onJQ0mxATrSgTsiRQbY=,AIYA36CQvejZNtRK/T9Bllo9mWQ=
135,138,tvTBYdV4onJQ0mxATrSgTsiRQbY=,5tdmpP2P+EBgeg071RiG2pErw/w=
128,139,tvTBYdV4onJQ0mxATrSgTsiRQbY=,5tdmpP2P+EBgeg071RiG2pErw/w=
131,139,tvTBYdV4onJQ0mxATrSgTsiRQbY=,5tdmpP2P+EBgeg071RiG2pErw/w=
134,136,tvTBYdV4onJQ0mxATrSgTsiRQbY=,5tdmpP2P+EBgeg071RiG2pErw/w=
136,139,tvTBYdV4onJQ0mxATrSgTsiRQbY=,AIYA36CQvejZNtRK/T9Bllo9mWQ=
134,141,tvTBYdV4onJQ0mxATrSgTsiRQbY=,5tdmpP2P+EBgeg071RiG2pErw/w=
134,142,tvTBYdV4onJQ0mxATrSgTsiRQbY=,5tdmpP2P+EBgeg071RiG2pErw/w=
131,138,tvTBYdV4onJQ0mxATrSgTsiRQbY=,5tdmpP2P+EBgeg071RiG2pErw/w=
132,136,tvTBYdV4onJQ0mxATrSgTsiRQbY=,5tdmpP2P+EBgeg071RiG2pErw/w=
130,142,tvTBYdV4onJQ0mxATrSgTsiRQbY=,5tdmpP2P+EBgeg071RiG2pErw/w=
136,137,tvTBYdV4onJQ0mxATrSgTsiRQbY=,AIYA36CQvejZNtRK/T9Bllo9mWQ=
136,138,tvTBYdV4onJQ0mxATrSgTsiRQbY=,AIYA36CQvejZNtRK/T9Bllo9mWQ=
135,142,tvTBYdV4onJQ0mxATrSgTsiRQbY=,5tdmpP2P+EBgeg071RiG2pErw/w=
132,138,tvTBYdV4onJQ0mxATrSgTsiRQbY=,5tdmpP2P+EBgeg071RiG2pErw/w=
128,136,tvTBYdV4onJQ0mxATrSgTsiRQbY=,5tdmpP2P+EBgeg071RiG2pErw/w=
129,139,tvTBYdV4onJQ0mxATrSgTsiRQbY=,5tdmpP2P+EBgeg071RiG2pErw/w=
130,139,tvTBYdV4onJQ0mxATrSgTsiRQbY=,5tdmpP2P+EBgeg071RiG2pErw/w=
133,141,tvTBYdV4onJQ0mxATrSgTsiRQbY=,5tdmpP2P+EBgeg071RiG2pErw/w=
132,141,tvTBYdV4onJQ0mxATrSgTsiRQbY=,5tdmpP2P+EBgeg071RiG2pErw/w=
129,142,tvTBYdV4onJQ0mxATrSgTsiRQbY=,5tdmpP2P+EBgeg071RiG2pErw/w=
133,136,tvTBYdV4onJQ0mxATrSgTsiRQbY=,5tdmpP2P+EBgeg071RiG2pErw/w=
142,154,tvTBYdV4onJQ0mxATrSgTsiRQbY=,9CmXsH8sTH0Vp+JouJjEJSE/HZE=
142,159,tvTBYdV4onJQ0mxATrSgTsiRQbY=,9CmXsH8sTH0Vp+JouJjEJSE/HZE=
143,159,tvTBYdV4onJQ0mxATrSgTsiRQbY=,9CmXsH8sTH0Vp+JouJjEJSE/HZE=
141,159,tvTBYdV4onJQ0mxATrSgTsiRQbY=,9CmXsH8sTH0Vp+JouJjEJSE/HZE=
140,159,tvTBYdV4onJQ0mxATrSgTsiRQbY=,9CmXsH8sTH0Vp+JouJjEJSE/HZE=
138,159,tvTBYdV4onJQ0mxATrSgTsiRQbY=,9CmXsH8sTH0Vp+JouJjEJSE/HZE=
137,159,tvTBYdV4onJQ0mxATrSgTsiRQbY=,9CmXsH8sTH0Vp+JouJjEJSE/HZE=
141,154,tvTBYdV4onJQ0mxATrSgTsiRQbY=,9CmXsH8sTH0Vp+JouJjEJSE/HZE=
139,154,tvTBYdV4onJQ0mxATrSgTsiRQbY=,9CmXsH8sTH0Vp+JouJjEJSE/HZE=
137,154,tvTBYdV4onJQ0mxATrSgTsiRQbY=,9CmXsH8sTH0Vp+JouJjEJSE/HZE=
140,154,tvTBYdV4onJQ0mxATrSgTsiRQbY=,9CmXsH8sTH0Vp+JouJjEJSE/HZE=
139,159,tvTBYdV4onJQ0mxATrSgTsiRQbY=,9CmXsH8sTH0Vp+JouJjEJSE/HZE=
140,158,tvTBYdV4onJQ0mxATrSgTsiRQbY=,9CmXsH8sTH0Vp+JouJjEJSE/HZE=
139,158,tvTBYdV4onJQ0mxATrSgTsiRQbY=,9CmXsH8sTH0Vp+JouJjEJSE/HZE=
141,153,tvTBYdV4onJQ0mxATrSgTsiRQbY=,9CmXsH8sTH0Vp+JouJjEJSE/HZE=
138,158,tvTBYdV4onJQ0mxATrSgTsiRQbY=,9CmXsH8sTH0Vp+JouJjEJSE/HZE=
138,154,tvTBYdV4onJQ0mxATrSgTsiRQbY=,9CmXsH8sTH0Vp+JouJjEJSE/HZE=
137,158,tvTBYdV4onJQ0mxATrSgTsiRQbY=,9CmXsH8sTH0Vp+JouJjEJSE/HZE=
136,158,tvTBYdV4onJQ0mxATrSgTsiRQbY=,9CmXsH8sTH0Vp+JouJjEJSE/HZE=
143,153,tvTBYdV4onJQ0mxATrSgTsiRQbY=,9CmXsH8sTH0Vp+JouJjEJSE/HZE=
136,159,tvTBYdV4onJQ0mxATrSgTsiRQbY=,9CmXsH8sTH0Vp+JouJjEJSE/HZE=
143,158,tvTBYdV4onJQ0mxATrSgTsiRQbY=,9CmXsH8sTH0Vp+JouJjEJSE/HZE=
141,158,tvTBYdV4onJQ0mxATrSgTsiRQbY=,9CmXsH8sTH0Vp+JouJjEJSE/HZE=
136,154,tvTBYdV4onJQ0mxATrSgTsiRQbY=,9CmXsH8sTH0Vp+JouJjEJSE/HZE=
138,153,tvTBYdV4onJQ0mxATrSgTsiRQbY=,9CmXsH8sTH0Vp+JouJjEJSE/HZE=
139,153,tvTBYdV4onJQ0mxATrSgTsiRQbY=,9CmXsH8sTH0Vp+JouJjEJSE/HZE=
143,157,tvTBYdV4onJQ0mxATrSgTsiRQbY=,9CmXsH8sTH0Vp+JouJjEJSE/HZE=
137,153,tvTBYdV4onJQ0mxATrSgTsiRQbY=,9CmXsH8sTH0Vp+JouJjEJSE/HZE=
140,157,tvTBYdV4onJQ0mxATrSgTsiRQbY=,9CmXsH8sTH0Vp+JouJjEJSE/HZE=
141,157,tvTBYdV4onJQ0mxATrSgTsiRQbY=,9CmXsH8sTH0Vp+JouJjEJSE/HZE=
142,157,tvTBYdV4onJQ0mxATrSgTsiRQbY=,9CmXsH8sTH0Vp+JouJjEJSE/HZE=
142,158,tvTBYdV4onJQ0mxATrSgTsiRQbY=,9CmXsH8sTH0Vp+JouJjEJSE/HZE=
142,153,tvTBYdV4onJQ0mxATrSgTsiRQbY=,9CmXsH8sTH0Vp+JouJjEJSE/HZE=
136,157,tvTBYdV4onJQ0mxATrSgTsiRQbY=,9CmXsH8sTH0Vp+JouJjEJSE/HZE=
141,156,tvTBYdV4onJQ0mxATrSgTsiRQbY=,9CmXsH8sTH0Vp+JouJjEJSE/HZE=
142,156,tvTBYdV4onJQ0mxATrSgTsiRQbY=,9CmXsH8sTH0Vp+JouJjEJSE/HZE=
140,156,tvTBYdV4onJQ0mxATrSgTsiRQbY=,9CmXsH8sTH0Vp+JouJjEJSE/HZE=
138,156,tvTBYdV4onJQ0mxATrSgTsiRQbY=,9CmXsH8sTH0Vp+JouJjEJSE/HZE=
136,156,tvTBYdV4onJQ0mxATrSgTsiRQbY=,9CmXsH8sTH0Vp+JouJjEJSE/HZE=
128,147,tvTBYdV4onJQ0mxATrSgTsiRQbY=,RuiJRrGN1+4K3PvQh13XdIyWxNA=
139,156,tvTBYdV4onJQ0mxATrSgTsiRQbY=,9CmXsH8sTH0Vp+JouJjEJSE/HZE=
133,148,tvTBYdV4onJQ0mxATrSgTsiRQbY=,RuiJRrGN1+4K3PvQh13XdIyWxNA=
142,155,tvTBYdV4onJQ0mxATrSgTsiRQbY=,9CmXsH8sTH0Vp+JouJjEJSE/HZE=
141,155,tvTBYdV4onJQ0mxATrSgTsiRQbY=,9CmXsH8sTH0Vp+JouJjEJSE/HZE=
131,148,tvTBYdV4onJQ0mxATrSgTsiRQbY=,RuiJRrGN1+4K3PvQh13XdIyWxNA=
140,155,tvTBYdV4onJQ0mxATrSgTsiRQbY=,9CmXsH8sTH0Vp+JouJjEJSE/HZE=
134,147,tvTBYdV4onJQ0mxATrSgTsiRQbY=,RuiJRrGN1+4K3PvQh13XdIyWxNA=
128,148,tvTBYdV4onJQ0mxATrSgTsiRQbY=,RuiJRrGN1+4K3PvQh13XdIyWxNA=
132,148,tvTBYdV4onJQ0mxATrSgTsiRQbY=,RuiJRrGN1+4K3PvQh13XdIyWxNA=
139,155,tvTBYdV4onJQ0mxATrSgTsiRQbY=,9CmXsH8sTH0Vp+JouJjEJSE/HZE=
143,155,tvTBYdV4onJQ0mxATrSgTsiRQbY=,9CmXsH8sTH0Vp+JouJjEJSE/HZE=
129,145,tvTBYdV4onJQ0mxATrSgTsiRQbY=,RuiJRrGN1+4K3PvQh13XdIyWxNA=
133,147,tvTBYdV4onJQ0mxATrSgTsiRQbY=,RuiJRrGN1+4K3PvQh13XdIyWxNA=
129,147,tvTBYdV4onJQ0mxATrSgTsiRQbY=,RuiJRrGN1+4K3PvQh13XdIyWxNA=
138,155,tvTBYdV4onJQ0mxATrSgTsiRQbY=,9CmXsH8sTH0Vp+JouJjEJSE/HZE=
138,157,tvTBYdV4onJQ0mxATrSgTsiRQbY=,9CmXsH8sTH0Vp+JouJjEJSE/HZE=
139,157,tvTBYdV4onJQ0mxATrSgTsiRQbY=,9CmXsH8sTH0Vp+JouJjEJSE/HZE=
137,155,tvTBYdV4onJQ0mxATrSgTsiRQbY=,9CmXsH8sTH0Vp+JouJjEJSE/HZE=
134,146,tvTBYdV4onJQ0mxATrSgTsiRQbY=,RuiJRrGN1+4K3PvQh13XdIyWxNA=
136,155,tvTBYdV4onJQ0mxATrSgTsiRQbY=,9CmXsH8sTH0Vp+JouJjEJSE/HZE=
134,151,tvTBYdV4onJQ0mxATrSgTsiRQbY=,RuiJRrGN1+4K3PvQh13XdIyWxNA=
137,157,tvTBYdV4onJQ0mxATrSgTsiRQbY=,9CmXsH8sTH0Vp+JouJjEJSE/HZE=
143,154,tvTBYdV4onJQ0mxATrSgTsiRQbY=,9CmXsH8sTH0Vp+JouJjEJSE/HZE=
129,148,tvTBYdV4onJQ0mxATrSgTsiRQbY=,RuiJRrGN1+4K3PvQh13XdIyWxNA=
133,151,tvTBYdV4onJQ0mxATrSgTsiRQbY=,RuiJRrGN1+4K3PvQh13XdIyWxNA=
131,144,tvTBYdV4onJQ0mxATrSgTsiRQbY=,RuiJRrGN1+4K3PvQh13XdIyWxNA=
131,151,tvTBYdV4onJQ0mxATrSgTsiRQbY=,RuiJRrGN1+4K3PvQh13XdIyWxNA=
129,151,tvTBYdV4onJQ0mxATrSgTsiRQbY=,RuiJRrGN1+4K3PvQh13XdIyWxNA=
130,151,tvTBYdV4onJQ0mxATrSgTsiRQbY=,RuiJRrGN1+4K3PvQh13XdIyWxNA=
140,153,tvTBYdV4onJQ0mxATrSgTsiRQbY=,9CmXsH8sTH0Vp+JouJjEJSE/HZE=
134,144,tvTBYdV4onJQ0mxATrSgTsiRQbY=,RuiJRrGN1+4K3PvQh13XdIyWxNA=
134,150,tvTBYdV4onJQ0mxATrSgTsiRQbY=,RuiJRrGN1+4K3PvQh13XdIyWxNA=
137,156,tvTBYdV4onJQ0mxATrSgTsiRQbY=,9CmXsH8sTH0Vp+JouJjEJSE/HZE=
130,146,tvTBYdV4onJQ0mxATrSgTsiRQbY=,RuiJRrGN1+4K3PvQh13XdIyWxNA=
133,150,tvTBYdV4onJQ0mxATrSgTsiRQbY=,RuiJRrGN1+4K3PvQh13XdIyWxNA=
132,146,tvTBYdV4onJQ0mxATrSgTsiRQbY=,RuiJRrGN1+4K3PvQh13XdIyWxNA=
130,147,tvTBYdV4onJQ0mxATrSgTsiRQbY=,RuiJRrGN1+4K3PvQh13XdIyWxNA=
131,150,tvTBYdV4onJQ0mxATrSgTsiRQbY=,RuiJRrGN1+4K3PvQh13XdIyWxNA=
130,148,tvTBYdV4onJQ0mxATrSgTsiRQbY=,RuiJRrGN1+4K3PvQh13XdIyWxNA=
133,144,tvTBYdV4onJQ0mxATrSgTsiRQbY=,RuiJRrGN1+4K3PvQh13XdIyWxNA=
132,150,tvTBYdV4onJQ0mxATrSgTsiRQbY=,RuiJRrGN1+4K3PvQh13XdIyWxNA=
133,146,tvTBYdV4onJQ0mxATrSgTsiRQbY=,RuiJRrGN1+4K3PvQh13XdIyWxNA=
136,153,tvTBYdV4onJQ0mxATrSgTsiRQbY=,9CmXsH8sTH0Vp+JouJjEJSE/HZE=
129,150,tvTBYdV4onJQ0mxATrSgTsiRQbY=,RuiJRrGN1+4K3PvQh13XdIyWxNA=
128,144,tvTBYdV4onJQ0mxATrSgTsiRQbY=,RuiJRrGN1+4K3PvQh13XdIyWxNA=
128,150,tvTBYdV4onJQ0mxATrSgTsiRQbY=,RuiJRrGN1+4K3PvQh13XdIyWxNA=
143,156,tvTBYdV4onJQ0mxATrSgTsiRQbY=,9CmXsH8sTH0Vp+JouJjEJSE/HZE=
133,149,tvTBYdV4onJQ0mxATrSgTsiRQbY=,RuiJRrGN1+4K3PvQh13XdIyWxNA=
129,146,tvTBYdV4onJQ0mxATrSgTsiRQbY=,RuiJRrGN1+4K3PvQh13XdIyWxNA=
132,147,tvTBYdV4onJQ0mxATrSgTsiRQbY=,RuiJRrGN1+4K3PvQh13XdIyWxNA=
132,151,tvTBYdV4onJQ0mxATrSgTsiRQbY=,RuiJRrGN1+4K3PvQh13XdIyWxNA=
134,149,tvTBYdV4onJQ0mxATrSgTsiRQbY=,RuiJRrGN1+4K3PvQh13XdIyWxNA=
130,150,tvTBYdV4onJQ0mxATrSgTsiRQbY=,RuiJRrGN1+4K3PvQh13XdIyWxNA=
131,147,tvTBYdV4onJQ0mxATrSgTsiRQbY=,RuiJRrGN1+4K3PvQh13XdIyWxNA=
128,151,tvTBYdV4onJQ0mxATrSgTsiRQbY=,RuiJRrGN1+4K3PvQh13XdIyWxNA=
131,146,tvTBYdV4onJQ0mxATrSgTsiRQbY=,RuiJRrGN1+4K3PvQh13XdIyWxNA=
130,149,tvTBYdV4onJQ0mxATrSgTsiRQbY=,RuiJRrGN1+4K3PvQh13XdIyWxNA=
130,145,tvTBYdV4onJQ0mxATrSgTsiRQbY=,RuiJRrGN1+4K3PvQh13XdIyWxNA=
128,149,tvTBYdV4onJQ0mxATrSgTsiRQbY=,RuiJRrGN1+4K3PvQh13XdIyWxNA=
129,144,tvTBYdV4onJQ0mxATrSgTsiRQbY=,RuiJRrGN1+4K3PvQh13XdIyWxNA=
128,146,tvTBYdV4onJQ0mxATrSgTsiRQbY=,RuiJRrGN1+4K3PvQh13XdIyWxNA=
131,145,tvTBYdV4onJQ0mxATrSgTsiRQbY=,RuiJRrGN1+4K3PvQh13XdIyWxNA=
134,145,tvTBYdV4onJQ0mxATrSgTsiRQbY=,RuiJRrGN1+4K3PvQh13XdIyWxNA=
128,145,tvTBYdV4onJQ0mxATrSgTsiRQbY=,RuiJRrGN1+4K3PvQh13XdIyWxNA=
132,144,tvTBYdV4onJQ0mxATrSgTsiRQbY=,RuiJRrGN1+4K3PvQh13XdIyWxNA=
129,149,tvTBYdV4onJQ0mxATrSgTsiRQbY=,RuiJRrGN1+4K3PvQh13XdIyWxNA=
134,148,tvTBYdV4onJQ0mxATrSgTsiRQbY=,RuiJRrGN1+4K3PvQh13XdIyWxNA=
130,144,tvTBYdV4onJQ0mxATrSgTsiRQbY=,RuiJRrGN1+4K3PvQh13XdIyWxNA=
133,145,tvTBYdV4onJQ0mxATrSgTsiRQbY=,RuiJRrGN1+4K3PvQh13XdIyWxNA=
132,145,tvTBYdV4onJQ0mxATrSgTsiRQbY=,RuiJRrGN1+4K3PvQh13XdIyWxNA=
131,149,tvTBYdV4onJQ0mxATrSgTsiRQbY=,RuiJRrGN1+4K3PvQh13XdIyWxNA=
139,149,tvTBYdV4onJQ0mxATrSgTsiRQbY=,zhZxtRONK5JK1BbnGnsFZTLN22g=
140,149,tvTBYdV4onJQ0mxATrSgTsiRQbY=,zhZxtRONK5JK1BbnGnsFZTLN22g=
132,149,tvTBYdV4onJQ0mxATrSgTsiRQbY=,RuiJRrGN1+4K3PvQh13XdIyWxNA=
137,149,tvTBYdV4onJQ0mxATrSgTsiRQbY=,zhZxtRONK5JK1BbnGnsFZTLN22g=
135,146,tvTBYdV4onJQ0mxATrSgTsiRQbY=,RuiJRrGN1+4K3PvQh13XdIyWxNA=
136,149,tvTBYdV4onJQ0mxATrSgTsiRQbY=,zhZxtRONK5JK1BbnGnsFZTLN22g=
143,148,tvTBYdV4onJQ0mxATrSgTsiRQbY=,zhZxtRONK5JK1BbnGnsFZTLN22g=
141,149,tvTBYdV4onJQ0mxATrSgTsiRQbY=,zhZxtRONK5JK1BbnGnsFZTLN22g=
142,149,tvTBYdV4onJQ0mxATrSgTsiRQbY=,zhZxtRONK5JK1BbnGnsFZTLN22g=
141,148,tvTBYdV4onJQ0mxATrSgTsiRQbY=,zhZxtRONK5JK1BbnGnsFZTLN22g=
143,149,tvTBYdV4onJQ0mxATrSgTsiRQbY=,zhZxtRONK5JK1BbnGnsFZTLN22g=
142,148,tvTBYdV4onJQ0mxATrSgTsiRQbY=,zhZxtRONK5JK1BbnGnsFZTLN22g=
140,148,tvTBYdV4onJQ0mxATrSgTsiRQbY=,zhZxtRONK5JK1BbnGnsFZTLN22g=
136,144,tvTBYdV4onJQ0mxATrSgTsiRQbY=,zhZxtRONK5JK1BbnGnsFZTLN22g=
137,148,tvTBYdV4onJQ0mxATrSgTsiRQbY=,zhZxtRONK5JK1BbnGnsFZTLN22g=
137,150,tvTBYdV4onJQ0mxATrSgTsiRQbY=,zhZxtRONK5JK1BbnGnsFZTLN22g=
136,150,tvTBYdV4onJQ0mxATrSgTsiRQbY=,zhZxtRONK5JK1BbnGnsFZTLN22g=
143,147,tvTBYdV4onJQ0mxATrSgTsiRQbY=,zhZxtRONK5JK1BbnGnsFZTLN22g=
138,150,tvTBYdV4onJQ0mxATrSgTsiRQbY=,zhZxtRONK5JK1BbnGnsFZTLN22g=
142,147,tvTBYdV4onJQ0mxATrSgTsiRQbY=,zhZxtRONK5JK1BbnGnsFZTLN22g=
140,147,tvTBYdV4onJQ0mxATrSgTsiRQbY=,zhZxtRONK5JK1BbnGnsFZTLN22g=
138,149,tvTBYdV4onJQ0mxATrSgTsiRQbY=,zhZxtRONK5JK1BbnGnsFZTLN22g=
139,148,tvTBYdV4onJQ0mxATrSgTsiRQbY=,zhZxtRONK5JK1BbnGnsFZTLN22g=
138,148,tvTBYdV4onJQ0mxATrSgTsiRQbY=,zhZxtRONK5JK1BbnGnsFZTLN22g=
135,145,tvTBYdV4onJQ0mxATrSgTsiRQbY=,RuiJRrGN1+4K3PvQh13XdIyWxNA=
143,152,tvTBYdV4onJQ0mxATrSgTsiRQbY=,9CmXsH8sTH0Vp+JouJjEJSE/HZE=
141,147,tvTBYdV4onJQ0mxATrSgTsiRQbY=,zhZxtRONK5JK1BbnGnsFZTLN22g=
139,150,tvTBYdV4onJQ0mxATrSgTsiRQbY=,zhZxtRONK5JK1BbnGnsFZTLN22g=
135,147,tvTBYdV4onJQ0mxATrSgTsiRQbY=,RuiJRrGN1+4K3PvQh13XdIyWxNA=
138,147,tvTBYdV4onJQ0mxATrSgTsiRQbY=,zhZxtRONK5JK1BbnGnsFZTLN22g=
140,150,tvTBYdV4onJQ0mxATrSgTsiRQbY=,zhZxtRONK5JK1BbnGnsFZTLN22g=
142,152,tvTBYdV4onJQ0mxATrSgTsiRQbY=,9CmXsH8sTH0Vp+JouJjEJSE/HZE=
140,152,tvTBYdV4onJQ0mxATrSgTsiRQbY=,9CmXsH8sTH0Vp+JouJjEJSE/HZE=
138,152,tvTBYdV4onJQ0mxATrSgTsiRQbY=,9CmXsH8sTH0Vp+JouJjEJSE/HZE=
141,152,tvTBYdV4onJQ0mxATrSgTsiRQbY=,9CmXsH8sTH0Vp+JouJjEJSE/HZE=
137,144,tvTBYdV4onJQ0mxATrSgTsiRQbY=,zhZxtRONK5JK1BbnGnsFZTLN22g=
139,152,tvTBYdV4onJQ0mxATrSgTsiRQbY=,9CmXsH8sTH0Vp+JouJjEJSE/HZE=
135,144,tvTBYdV4onJQ0mxATrSgTsiRQbY=,RuiJRrGN1+4K3PvQh13XdIyWxNA=
141,146,tvTBYdV4onJQ0mxATrSgTsiRQbY=,zhZxtRONK5JK1BbnGnsFZTLN22g=
137,147,tvTBYdV4onJQ0mxATrSgTsiRQbY=,zhZxtRONK5JK1BbnGnsFZTLN22g=
142,146,tvTBYdV4onJQ0mxATrSgTsiRQbY=,zhZxtRONK5JK1BbnGnsFZTLN22g=
138,144,tvTBYdV4onJQ0mxATrSgTsiRQbY=,zhZxtRONK5JK1BbnGnsFZTLN22g=
142,151,tvTBYdV4onJQ0mxATrSgTsiRQbY=,zhZxtRONK5JK1BbnGnsFZTLN22g=
135,151,tvTBYdV4onJQ0mxATrSgTsiRQbY=,RuiJRrGN1+4K3PvQh13XdIyWxNA=
141,151,tvTBYdV4onJQ0mxATrSgTsiRQbY=,zhZxtRONK5JK1BbnGnsFZTLN22g=
138,146,tvTBYdV4onJQ0mxATrSgTsiRQbY=,zhZxtRONK5JK1BbnGnsFZTLN22g=
135,148,tvTBYdV4onJQ0mxATrSgTsiRQbY=,RuiJRrGN1+4K3PvQh13XdIyWxNA=
136,147,tvTBYdV4onJQ0mxATrSgTsiRQbY=,zhZxtRONK5JK1BbnGnsFZTLN22g=
136,152,tvTBYdV4onJQ0mxATrSgTsiRQbY=,9CmXsH8sTH0Vp+JouJjEJSE/HZE=
143,146,tvTBYdV4onJQ0mxATrSgTsiRQbY=,zhZxtRONK5JK1BbnGnsFZTLN22g=
140,146,tvTBYdV4onJQ0mxATrSgTsiRQbY=,zhZxtRONK5JK1BbnGnsFZTLN22g=
139,151,tvTBYdV4onJQ0mxATrSgTsiRQbY=,zhZxtRONK5JK1BbnGnsFZTLN22g=
140,151,tvTBYdV4onJQ0mxATrSgTsiRQbY=,zhZxtRONK5JK1BbnGnsFZTLN22g=
139,146,tvTBYdV4onJQ0mxATrSgTsiRQbY=,zhZxtRONK5JK1BbnGnsFZTLN22g=
143,151,tvTBYdV4onJQ0mxATrSgTsiRQbY=,zhZxtRONK5JK1BbnGnsFZTLN22g=
141,145,tvTBYdV4onJQ0mxATrSgTsiRQbY=,zhZxtRONK5JK1BbnGnsFZTLN22g=
138,151,tvTBYdV4onJQ0mxATrSgTsiRQbY=,zhZxtRONK5JK1BbnGnsFZTLN22g=
139,147,tvTBYdV4onJQ0mxATrSgTsiRQbY=,zhZxtRONK5JK1BbnGnsFZTLN22g=
142,145,tvTBYdV4onJQ0mxATrSgTsiRQbY=,zhZxtRONK5JK1BbnGnsFZTLN22g=
137,151,tvTBYdV4onJQ0mxATrSgTsiRQbY=,zhZxtRONK5JK1BbnGnsFZTLN22g=
136,151,tvTBYdV4onJQ0mxATrSgTsiRQbY=,zhZxtRONK5JK1BbnGnsFZTLN22g=
140,145,tvTBYdV4onJQ0mxATrSgTsiRQbY=,zhZxtRONK5JK1BbnGnsFZTLN22g=
139,145,tvTBYdV4onJQ0mxATrSgTsiRQbY=,zhZxtRONK5JK1BbnGnsFZTLN22g=
138,145,tvTBYdV4onJQ0mxATrSgTsiRQbY=,zhZxtRONK5JK1BbnGnsFZTLN22g=
136,146,tvTBYdV4onJQ0mxATrSgTsiRQbY=,zhZxtRONK5JK1BbnGnsFZTLN22g=
137,152,tvTBYdV4onJQ0mxATrSgTsiRQbY=,9CmXsH8sTH0Vp+JouJjEJSE/HZE=
136,148,tvTBYdV4onJQ0mxATrSgTsiRQbY=,zhZxtRONK5JK1BbnGnsFZTLN22g=
137,145,tvTBYdV4onJQ0mxATrSgTsiRQbY=,zhZxtRONK5JK1BbnGnsFZTLN22g=
143,150,tvTBYdV4onJQ0mxATrSgTsiRQbY=,zhZxtRONK5JK1BbnGnsFZTLN22g=
139,144,tvTBYdV4onJQ0mxATrSgTsiRQbY=,zhZxtRONK5JK1BbnGnsFZTLN22g=
137,146,tvTBYdV4onJQ0mxATrSgTsiRQbY=,zhZxtRONK5JK1BbnGnsFZTLN22g=
140,144,tvTBYdV4onJQ0mxATrSgTsiRQbY=,zhZxtRONK5JK1BbnGnsFZTLN22g=
135,149,tvTBYdV4onJQ0mxATrSgTsiRQbY=,RuiJRrGN1+4K3PvQh13XdIyWxNA=
142,144,tvTBYdV4onJQ0mxATrSgTsiRQbY=,zhZxtRONK5JK1BbnGnsFZTLN22g=
135,150,tvTBYdV4onJQ0mxATrSgTsiRQbY=,RuiJRrGN1+4K3PvQh13XdIyWxNA=
143,145,tvTBYdV4onJQ0mxATrSgTsiRQbY=,zhZxtRONK5JK1BbnGnsFZTLN22g=
141,144,tvTBYdV4onJQ0mxATrSgTsiRQbY=,zhZxtRONK5JK1BbnGnsFZTLN22g=
141,150,tvTBYdV4onJQ0mxATrSgTsiRQbY=,zhZxtRONK5JK1BbnGnsFZTLN22g=
136,145,tvTBYdV4onJQ0mxATrSgTsiRQbY=,zhZxtRONK5JK1BbnGnsFZTLN22g=
142,150,tvTBYdV4onJQ0mxATrSgTsiRQbY=,zhZxtRONK5JK1BbnGnsFZTLN22g=
143,144,tvTBYdV4onJQ0mxATrSgTsiRQbY=,zhZxtRONK5JK1BbnGnsFZTLN22g=
144,148,HaEWKGLUdERtaJyq6ZYb3aLhNKY=,1VrhP9EAd1h/8mAJpzC47pJru68=
150,148,HaEWKGLUdERtaJyq6ZYb3aLhNKY=,1VrhP9EAd1h/8mAJpzC47pJru68=
151,148,HaEWKGLUdERtaJyq6ZYb3aLhNKY=,1VrhP9EAd1h/8mAJpzC47pJru68=
151,147,HaEWKGLUdERtaJyq6ZYb3aLhNKY=,1VrhP9EAd1h/8mAJpzC47pJru68=
149,150,HaEWKGLUdERtaJyq6ZYb3aLhNKY=,1VrhP9EAd1h/8mAJpzC47pJru68=
149,148,HaEWKGLUdERtaJyq6ZYb3aLhNKY=,1VrhP9EAd1h/8mAJpzC47pJru68=
151,149,HaEWKGLUdERtaJyq6ZYb3aLhNKY=,1VrhP9EAd1h/8mAJpzC47pJru68=
151,150,HaEWKGLUdERtaJyq6ZYb3aLhNKY=,1VrhP9EAd1h/8mAJpzC47pJru68=
144,147,HaEWKGLUdERtaJyq6ZYb3aLhNKY=,1VrhP9EAd1h/8mAJpzC47pJru68=
150,149,HaEWKGLUdERtaJyq6ZYb3aLhNKY=,1VrhP9EAd1h/8mAJpzC47pJru68=
147,150,HaEWKGLUdERtaJyq6ZYb3aLhNKY=,1VrhP9EAd1h/8mAJpzC47pJru68=
146,150,HaEWKGLUdERtaJyq6ZYb3aLhNKY=,1VrhP9EAd1h/8mAJpzC47pJru68=
150,147,HaEWKGLUdERtaJyq6ZYb3aLhNKY=,1VrhP9EAd1h/8mAJpzC47pJru68=
145,147,HaEWKGLUdERtaJyq6ZYb3aLhNKY=,1VrhP9EAd1h/8mAJpzC47pJru68=
149,146,HaEWKGLUdERtaJyq6ZYb3aLhNKY=,1VrhP9EAd1h/8mAJpzC47pJru68=
149,147,HaEWKGLUdERtaJyq6ZYb3aLhNKY=,1VrhP9EAd1h/8mAJpzC47pJru68=
151,146,HaEWKGLUdERtaJyq6ZYb3aLhNKY=,1VrhP9EAd1h/8mAJpzC47pJru68=
148,150,HaEWKGLUdERtaJyq6ZYb3aLhNKY=,1VrhP9EAd1h/8mAJpzC47pJru68=
148,146,HaEWKGLUdERtaJyq6ZYb3aLhNKY=,1VrhP9EAd1h/8mAJpzC47pJru68=
150,150,HaEWKGLUdERtaJyq6ZYb3aLhNKY=,1VrhP9EAd1h/8mAJpzC47pJru68=
148,147,HaEWKGLUdERtaJyq6ZYb3aLhNKY=,1VrhP9EAd1h/8mAJpzC47pJru68=
150,146,HaEWKGLUdERtaJyq6ZYb3aLhNKY=,1VrhP9EAd1h/8mAJpzC47pJru68=
146,144,HaEWKGLUdERtaJyq6ZYb3aLhNKY=,1VrhP9EAd1h/8mAJpzC47pJru68=
144,146,HaEWKGLUdERtaJyq6ZYb3aLhNKY=,1VrhP9EAd1h/8mAJpzC47pJru68=
145,146,HaEWKGLUdERtaJyq6ZYb3aLhNKY=,1VrhP9EAd1h/8mAJpzC47pJru68=
148,148,HaEWKGLUdERtaJyq6ZYb3aLhNKY=,1VrhP9EAd1h/8mAJpzC47pJru68=
149,149,HaEWKGLUdERtaJyq6ZYb3aLhNKY=,1VrhP9EAd1h/8mAJpzC47pJru68=
148,149,HaEWKGLUdERtaJyq6ZYb3aLhNKY=,1VrhP9EAd1h/8mAJpzC47pJru68=
147,149,HaEWKGLUdERtaJyq6ZYb3aLhNKY=,1VrhP9EAd1h/8mAJpzC47pJru68=
151,145,HaEWKGLUdERtaJyq6ZYb3aLhNKY=,1VrhP9EAd1h/8mAJpzC47pJru68=
145,150,HaEWKGLUdERtaJyq6ZYb3aLhNKY=,1VrhP9EAd1h/8mAJpzC47pJru68=
147,145,HaEWKGLUdERtaJyq6ZYb3aLhNKY=,1VrhP9EAd1h/8mAJpzC47pJru68=
149,145,HaEWKGLUdERtaJyq6ZYb3aLhNKY=,1VrhP9EAd1h/8mAJpzC47pJru68=
147,148,HaEWKGLUdERtaJyq6ZYb3aLhNKY=,1VrhP9EAd1h/8mAJpzC47pJru68=
146,145,HaEWKGLUdERtaJyq6ZYb3aLhNKY=,1VrhP9EAd1h/8mAJpzC47pJru68=
145,145,HaEWKGLUdERtaJyq6ZYb3aLhNKY=,1VrhP9EAd1h/8mAJpzC47pJru68=
150,145,HaEWKGLUdERtaJyq6ZYb3aLhNKY=,1VrhP9EAd1h/8mAJpzC47pJru68=
146,149,HaEWKGLUdERtaJyq6ZYb3aLhNKY=,1VrhP9EAd1h/8mAJpzC47pJru68=
147,146,HaEWKGLUdERtaJyq6ZYb3aLhNKY=,1VrhP9EAd1h/8mAJpzC47pJru68=
148,145,HaEWKGLUdERtaJyq6ZYb3aLhNKY=,1VrhP9EAd1h/8mAJpzC47pJru68=
144,144,HaEWKGLUdERtaJyq6ZYb3aLhNKY=,1VrhP9EAd1h/8mAJpzC47pJru68=
150,144,HaEWKGLUdERtaJyq6ZYb3aLhNKY=,1VrhP9EAd1h/8mAJpzC47pJru68=
144,145,HaEWKGLUdERtaJyq6ZYb3aLhNKY=,1VrhP9EAd1h/8mAJpzC47pJru68=
145,149,HaEWKGLUdERtaJyq6ZYb3aLhNKY=,1VrhP9EAd1h/8mAJpzC47pJru68=
149,144,HaEWKGLUdERtaJyq6ZYb3aLhNKY=,1VrhP9EAd1h/8mAJpzC47pJru68=
146,147,HaEWKGLUdERtaJyq6ZYb3aLhNKY=,1VrhP9EAd1h/8mAJpzC47pJru68=
148,144,HaEWKGLUdERtaJyq6ZYb3aLhNKY=,1VrhP9EAd1h/8mAJpzC47pJru68=
145,148,HaEWKGLUdERtaJyq6ZYb3aLhNKY=,1VrhP9EAd1h/8mAJpzC47pJru68=
145,144,HaEWKGLUdERtaJyq6ZYb3aLhNKY=,1VrhP9EAd1h/8mAJpzC47pJru68=
146,148,HaEWKGLUdERtaJyq6ZYb3aLhNKY=,1VrhP9EAd1h/8mAJpzC47pJru68=
146,146,HaEWKGLUdERtaJyq6ZYb3aLhNKY=,1VrhP9EAd1h/8mAJpzC47pJru68=
144,150,HaEWKGLUdERtaJyq6ZYb3aLhNKY=,1VrhP9EAd1h/8mAJpzC47pJru68=
147,147,HaEWKGLUdERtaJyq6ZYb3aLhNKY=,1VrhP9EAd1h/8mAJpzC47pJru68=
147,144,HaEWKGLUdERtaJyq6ZYb3aLhNKY=,1VrhP9EAd1h/8mAJpzC47pJru68=
151,144,HaEWKGLUdERtaJyq6ZYb3aLhNKY=,1VrhP9EAd1h/8mAJpzC47pJru68=
144,149,HaEWKGLUdERtaJyq6ZYb3aLhNKY=,1VrhP9EAd1h/8mAJpzC47pJru68=
148,151,HaEWKGLUdERtaJyq6ZYb3aLhNKY=,1VrhP9EAd1h/8mAJpzC47pJru68=
147,159,HaEWKGLUdERtaJyq6ZYb3aLhNKY=,VWXAf1uHV2v2Md60jiAU1mztLpU=
146,159,HaEWKGLUdERtaJyq6ZYb3aLhNKY=,VWXAf1uHV2v2Md60jiAU1mztLpU=
146,151,HaEWKGLUdERtaJyq6ZYb3aLhNKY=,1VrhP9EAd1h/8mAJpzC47pJru68=
147,151,HaEWKGLUdERtaJyq6ZYb3aLhNKY=,1VrhP9EAd1h/8mAJpzC47pJru68=
145,159,HaEWKGLUdERtaJyq6ZYb3aLhNKY=,VWXAf1uHV2v2Md60jiAU1mztLpU=
144,159,HaEWKGLUdERtaJyq6ZYb3aLhNKY=,VWXAf1uHV2v2Md60jiAU1mztLpU=
144,151,HaEWKGLUdERtaJyq6ZYb3aLhNKY=,1VrhP9EAd1h/8mAJpzC47pJru68=
145,151,HaEWKGLUdERtaJyq6ZYb3aLhNKY=,1VrhP9EAd1h/8mAJpzC47pJru68=
150,158,HaEWKGLUdERtaJyq6ZYb3aLhNKY=,VWXAf1uHV2v2Md60jiAU1mztLpU=
148,158,HaEWKGLUdERtaJyq6ZYb3aLhNKY=,VWXAf1uHV2v2Md60jiAU1mztLpU=
149,158,HaEWKGLUdERtaJyq6ZYb3aLhNKY=,VWXAf1uHV2v2Md60jiAU1mztLpU=
144,158,HaEWKGLUdERtaJyq6ZYb3aLhNKY=,VWXAf1uHV2v2Md60jiAU1mztLpU=
146,158,HaEWKGLUdERtaJyq6ZYb3aLhNKY=,VWXAf1uHV2v2Md60jiAU1mztLpU=
150,157,HaEWKGLUdERtaJyq6ZYb3aLhNKY=,VWXAf1uHV2v2Md60jiAU1mztLpU=
149,157,HaEWKGLUdERtaJyq6ZYb3aLhNKY=,VWXAf1uHV2v2Md60jiAU1mztLpU=
145,158,HaEWKGLUdERtaJyq6ZYb3aLhNKY=,VWXAf1uHV2v2Md60jiAU1mztLpU=
148,157,HaEWKGLUdERtaJyq6ZYb3aLhNKY=,VWXAf1uHV2v2Md60jiAU1mztLpU=
147,157,HaEWKGLUdERtaJyq6ZYb3aLhNKY=,VWXAf1uHV2v2Md60jiAU1mztLpU=
145,157,HaEWKGLUdERtaJyq6ZYb3aLhNKY=,VWXAf1uHV2v2Md60jiAU1mztLpU=
150,156,HaEWKGLUdERtaJyq6ZYb3aLhNKY=,VWXAf1uHV2v2Md60jiAU1mztLpU=
146,157,HaEWKGLUdERtaJyq6ZYb3aLhNKY=,VWXAf1uHV2v2Md60jiAU1mztLpU=
144,157,HaEWKGLUdERtaJyq6ZYb3aLhNKY=,VWXAf1uHV2v2Md60jiAU1mztLpU=
147,156,HaEWKGLUdERtaJyq6ZYb3aLhNKY=,VWXAf1uHV2v2Md60jiAU1mztLpU=
148,156,HaEWKGLUdERtaJyq6ZYb3aLhNKY=,VWXAf1uHV2v2Md60jiAU1mztLpU=
149,156,HaEWKGLUdERtaJyq6ZYb3aLhNKY=,VWXAf1uHV2v2Md60jiAU1mztLpU=
146,156,HaEWKGLUdERtaJyq6ZYb3aLhNKY=,VWXAf1uHV2v2Md60jiAU1mztLpU=
148,155,HaEWKGLUdERtaJyq6ZYb3aLhNKY=,VWXAf1uHV2v2Md60jiAU1mztLpU=
144,156,HaEWKGLUdERtaJyq6ZYb3aLhNKY=,VWXAf1uHV2v2Md60jiAU1mztLpU=
145,156,HaEWKGLUdERtaJyq6ZYb3aLhNKY=,VWXAf1uHV2v2Md60jiAU1mztLpU=
147,155,HaEWKGLUdERtaJyq6ZYb3aLhNKY=,VWXAf1uHV2v2Md60jiAU1mztLpU=
144,155,HaEWKGLUdERtaJyq6ZYb3aLhNKY=,VWXAf1uHV2v2Md60jiAU1mztLpU=
146,155,HaEWKGLUdERtaJyq6ZYb3aLhNKY=,VWXAf1uHV2v2Md60jiAU1mztLpU=
150,154,HaEWKGLUdERtaJyq6ZYb3aLhNKY=,VWXAf1uHV2v2Md60jiAU1mztLpU=
145,155,HaEWKGLUdERtaJyq6ZYb3aLhNKY=,VWXAf1uHV2v2Md60jiAU1mztLpU=
147,158,HaEWKGLUdERtaJyq6ZYb3aLhNKY=,VWXAf1uHV2v2Md60jiAU1mztLpU=
149,154,HaEWKGLUdERtaJyq6ZYb3aLhNKY=,VWXAf1uHV2v2Md60jiAU1mztLpU=
148,154,HaEWKGLUdERtaJyq6ZYb3aLhNKY=,VWXAf1uHV2v2Md60jiAU1mztLpU=
146,154,HaEWKGLUdERtaJyq6ZYb3aLhNKY=,VWXAf1uHV2v2Md60jiAU1mztLpU=
145,154,HaEWKGLUdERtaJyq6ZYb3aLhNKY=,VWXAf1uHV2v2Md60jiAU1mztLpU=
144,154,HaEWKGLUdERtaJyq6ZYb3aLhNKY=,VWXAf1uHV2v2Md60jiAU1mztLpU=
150,153,HaEWKGLUdERtaJyq6ZYb3aLhNKY=,VWXAf1uHV2v2Md60jiAU1mztLpU=
148,153,HaEWKGLUdERtaJyq6ZYb3aLhNKY=,VWXAf1uHV2v2Md60jiAU1mztLpU=
150,155,HaEWKGLUdERtaJyq6ZYb3aLhNKY=,VWXAf1uHV2v2Md60jiAU1mztLpU=
146,153,HaEWKGLUdERtaJyq6ZYb3aLhNKY=,VWXAf1uHV2v2Md60jiAU1mztLpU=
150,152,HaEWKGLUdERtaJyq6ZYb3aLhNKY=,VWXAf1uHV2v2Md60jiAU1mztLpU=
144,153,HaEWKGLUdERtaJyq6ZYb3aLhNKY=,VWXAf1uHV2v2Md60jiAU1mztLpU=
147,153,HaEWKGLUdERtaJyq6ZYb3aLhNKY=,VWXAf1uHV2v2Md60jiAU1mztLpU=
149,155,HaEWKGLUdERtaJyq6ZYb3aLhNKY=,VWXAf1uHV2v2Md60jiAU1mztLpU=
147,154,HaEWKGLUdERtaJyq6ZYb3aLhNKY=,VWXAf1uHV2v2Md60jiAU1mztLpU=
149,153,HaEWKGLUdERtaJyq6ZYb3aLhNKY=,VWXAf1uHV2v2Md60jiAU1mztLpU=
149,152,HaEWKGLUdERtaJyq6ZYb3aLhNKY=,VWXAf1uHV2v2Md60jiAU1mztLpU=
148,152,HaEWKGLUdERtaJyq6ZYb3aLhNKY=,VWXAf1uHV2v2Md60jiAU1mztLpU=
146,152,HaEWKGLUdERtaJyq6ZYb3aLhNKY=,VWXAf1uHV2v2Md60jiAU1mztLpU=
145,153,HaEWKGLUdERtaJyq6ZYb3aLhNKY=,VWXAf1uHV2v2Md60jiAU1mztLpU=
150,151,HaEWKGLUdERtaJyq6ZYb3aLhNKY=,1VrhP9EAd1h/8mAJpzC47pJru68=
147,152,HaEWKGLUdERtaJyq6ZYb3aLhNKY=,VWXAf1uHV2v2Md60jiAU1mztLpU=
148,159,HaEWKGLUdERtaJyq6ZYb3aLhNKY=,VWXAf1uHV2v2Md60jiAU1mztLpU=
144,152,HaEWKGLUdERtaJyq6ZYb3aLhNKY=,VWXAf1uHV2v2Md60jiAU1mztLpU=
150,159,HaEWKGLUdERtaJyq6ZYb3aLhNKY=,VWXAf1uHV2v2Md60jiAU1mztLpU=
149,159,HaEWKGLUdERtaJyq6ZYb3aLhNKY=,VWXAf1uHV2v2Md60jiAU1mztLpU=
145,152,HaEWKGLUdERtaJyq6ZYb3aLhNKY=,VWXAf1uHV2v2Md60jiAU1mztLpU=
149,151,HaEWKGLUdERtaJyq6ZYb3aLhNKY=,1VrhP9EAd1h/8mAJpzC47pJru68=
151,158,HaEWKGLUdERtaJyq6ZYb3aLhNKY=,VWXAf1uHV2v2Md60jiAU1mztLpU=
156,156,HaEWKGLUdERtaJyq6ZYb3aLhNKY=,Yw77oyNU6HyoImV0XpuMyUQQAQ4=
154,157,HaEWKGLUdERtaJyq6ZYb3aLhNKY=,Yw77oyNU6HyoImV0XpuMyUQQAQ4=
155,157,HaEWKGLUdERtaJyq6ZYb3aLhNKY=,Yw77oyNU6HyoImV0XpuMyUQQAQ4=
158,156,HaEWKGLUdERtaJyq6ZYb3aLhNKY=,Yw77oyNU6HyoImV0XpuMyUQQAQ4=
152,157,HaEWKGLUdERtaJyq6ZYb3aLhNKY=,Yw77oyNU6HyoImV0XpuMyUQQAQ4=
159,155,HaEWKGLUdERtaJyq6ZYb3aLhNKY=,Yw77oyNU6HyoImV0XpuMyUQQAQ4=
151,157,HaEWKGLUdERtaJyq6ZYb3aLhNKY=,VWXAf1uHV2v2Md60jiAU1mztLpU=
156,157,HaEWKGLUdERtaJyq6ZYb3aLhNKY=,Yw77oyNU6HyoImV0XpuMyUQQAQ4=
155,156,HaEWKGLUdERtaJyq6ZYb3aLhNKY=,Yw77oyNU6HyoImV0XpuMyUQQAQ4=
154,156,HaEWKGLUdERtaJyq6ZYb3aLhNKY=,Yw77oyNU6HyoImV0XpuMyUQQAQ4=
155,155,HaEWKGLUdERtaJyq6ZYb3aLhNKY=,Yw77oyNU6HyoImV0XpuMyUQQAQ4=
159,156,HaEWKGLUdERtaJyq6ZYb3aLhNKY=,Yw77oyNU6HyoImV0XpuMyUQQAQ4=
152,156,HaEWKGLUdERtaJyq6ZYb3aLhNKY=,Yw77oyNU6HyoImV0XpuMyUQQAQ4=
156,155,HaEWKGLUdERtaJyq6ZYb3aLhNKY=,Yw77oyNU6HyoImV0XpuMyUQQAQ4=
153,156,HaEWKGLUdERtaJyq6ZYb3aLhNKY=,Yw77oyNU6HyoImV0XpuMyUQQAQ4=
153,155,HaEWKGLUdERtaJyq6ZYb3aLhNKY=,Yw77oyNU6HyoImV0XpuMyUQQAQ4=
157,156,HaEWKGLUdERtaJyq6ZYb3aLhNKY=,Yw77oyNU6HyoImV0XpuMyUQQAQ4=
151,151,HaEWKGLUdERtaJyq6ZYb3aLhNKY=,1VrhP9EAd1h/8mAJpzC47pJru68=
157,157,HaEWKGLUdERtaJyq6ZYb3aLhNKY=,Yw77oyNU6HyoImV0XpuMyUQQAQ4=
153,157,HaEWKGLUdERtaJyq6ZYb3aLhNKY=,Yw77oyNU6HyoImV0XpuMyUQQAQ4=
158,154,HaEWKGLUdERtaJyq6ZYb3aLhNKY=,Yw77oyNU6HyoImV0XpuMyUQQAQ4=
157,154,HaEWKGLUdERtaJyq6ZYb3aLhNKY=,Yw77oyNU6HyoImV0XpuMyUQQAQ4=
151,156,HaEWKGLUdERtaJyq6ZYb3aLhNKY=,VWXAf1uHV2v2Md60jiAU1mztLpU=
156,154,HaEWKGLUdERtaJyq6ZYb3aLhNKY=,Yw77oyNU6HyoImV0XpuMyUQQAQ4=
152,155,HaEWKGLUdERtaJyq6ZYb3aLhNKY=,Yw77oyNU6HyoImV0XpuMyUQQAQ4=
155,154,HaEWKGLUdERtaJyq6ZYb3aLhNKY=,Yw77oyNU6HyoImV0XpuMyUQQAQ4=
158,157,HaEWKGLUdERtaJyq6ZYb3aLhNKY=,Yw77oyNU6HyoImV0XpuMyUQQAQ4=
153,154,HaEWKGLUdERtaJyq6ZYb3aLhNKY=,Yw77oyNU6HyoImV0XpuMyUQQAQ4=
154,154,HaEWKGLUdERtaJyq6ZYb3aLhNKY=,Yw77oyNU6HyoImV0XpuMyUQQAQ4=
151,153,HaEWKGLUdERtaJyq6ZYb3aLhNKY=,VWXAf1uHV2v2Md60jiAU1mztLpU=
152,154,HaEWKGLUdERtaJyq6ZYb3aLhNKY=,Yw77oyNU6HyoImV0XpuMyUQQAQ4=
158,153,HaEWKGLUdERtaJyq6ZYb3aLhNKY=,Yw77oyNU6HyoImV0XpuMyUQQAQ4=
157,153,HaEWKGLUdERtaJyq6ZYb3aLhNKY=,Yw77oyNU6HyoImV0XpuMyUQQAQ4=
159,159,HaEWKGLUdERtaJyq6ZYb3aLhNKY=,Yw77oyNU6HyoImV0XpuMyUQQAQ4=
159,153,HaEWKGLUdERtaJyq6ZYb3aLhNKY=,Yw77oyNU6HyoImV0XpuMyUQQAQ4=
159,157,HaEWKGLUdERtaJyq6ZYb3aLhNKY=,Yw77oyNU6HyoImV0XpuMyUQQAQ4=
158,159,HaEWKGLUdERtaJyq6ZYb3aLhNKY=,Yw77oyNU6HyoImV0XpuMyUQQAQ4=
151,152,HaEWKGLUdERtaJyq6ZYb3aLhNKY=,VWXAf1uHV2v2Md60jiAU1mztLpU=
157,159,HaEWKGLUdERtaJyq6ZYb3aLhNKY=,Yw77oyNU6HyoImV0XpuMyUQQAQ4=
152,158,HaEWKGLUdERtaJyq6ZYb3aLhNKY=,Yw77oyNU6HyoImV0XpuMyUQQAQ4=
155,153,HaEWKGLUdERtaJyq6ZYb3aLhNKY=,Yw77oyNU6HyoImV0XpuMyUQQAQ4=
154,153,HaEWKGLUdERtaJyq6ZYb3aLhNKY=,Yw77oyNU6HyoImV0XpuMyUQQAQ4=
156,153,HaEWKGLUdERtaJyq6ZYb3aLhNKY=,Yw77oyNU6HyoImV0XpuMyUQQAQ4=
152,153,HaEWKGLUdERtaJyq6ZYb3aLhNKY=,Yw77oyNU6HyoImV0XpuMyUQQAQ4=
159,152,HaEWKGLUdERtaJyq6ZYb3aLhNKY=,Yw77oyNU6HyoImV0XpuMyUQQAQ4=
153,158,HaEWKGLUdERtaJyq6ZYb3aLhNKY=,Yw77oyNU6HyoImV0XpuMyUQQAQ4=
154,158,HaEWKGLUdERtaJyq6ZYb3aLhNKY=,Yw77oyNU6HyoImV0XpuMyUQQAQ4=
157,152,HaEWKGLUdERtaJyq6ZYb3aLhNKY=,Yw77oyNU6HyoImV0XpuMyUQQAQ4=
158,152,HaEWKGLUdERtaJyq6ZYb3aLhNKY=,Yw77oyNU6HyoImV0XpuMyUQQAQ4=
156,159,HaEWKGLUdERtaJyq6ZYb3aLhNKY=,Yw77oyNU6HyoImV0XpuMyUQQAQ4=
155,158,HaEWKGLUdERtaJyq6ZYb3aLhNKY=,Yw77oyNU6HyoImV0XpuMyUQQAQ4=
156,152,HaEWKGLUdERtaJyq6ZYb3aLhNKY=,Yw77oyNU6HyoImV0XpuMyUQQAQ4=
155,152,HaEWKGLUdERtaJyq6ZYb3aLhNKY=,Yw77oyNU6HyoImV0XpuMyUQQAQ4=
156,158,HaEWKGLUdERtaJyq6ZYb3aLhNKY=,Yw77oyNU6HyoImV0XpuMyUQQAQ4=
154,152,HaEWKGLUdERtaJyq6ZYb3aLhNKY=,Yw77oyNU6HyoImV0XpuMyUQQAQ4=
153,152,HaEWKGLUdERtaJyq6ZYb3aLhNKY=,Yw77oyNU6HyoImV0XpuMyUQQAQ4=
158,155,HaEWKGLUdERtaJyq6ZYb3aLhNKY=,Yw77oyNU6HyoImV0XpuMyUQQAQ4=
157,155,HaEWKGLUdERtaJyq6ZYb3aLhNKY=,Yw77oyNU6HyoImV0XpuMyUQQAQ4=
152,152,HaEWKGLUdERtaJyq6ZYb3aLhNKY=,Yw77oyNU6HyoImV0XpuMyUQQAQ4=
154,155,HaEWKGLUdERtaJyq6ZYb3aLhNKY=,Yw77oyNU6HyoImV0XpuMyUQQAQ4=
159,154,HaEWKGLUdERtaJyq6ZYb3aLhNKY=,Yw77oyNU6HyoImV0XpuMyUQQAQ4=
157,158,HaEWKGLUdERtaJyq6ZYb3aLhNKY=,Yw77oyNU6HyoImV0XpuMyUQQAQ4=
151,159,HaEWKGLUdERtaJyq6ZYb3aLhNKY=,VWXAf1uHV2v2Md60jiAU1mztLpU=
153,159,HaEWKGLUdERtaJyq6ZYb3aLhNKY=,Yw77oyNU6HyoImV0XpuMyUQQAQ4=
153,153,HaEWKGLUdERtaJyq6ZYb3aLhNKY=,Yw77oyNU6HyoImV0XpuMyUQQAQ4=
152,159,HaEWKGLUdERtaJyq6ZYb3aLhNKY=,Yw77oyNU6HyoImV0XpuMyUQQAQ4=
159,158,HaEWKGLUdERtaJyq6ZYb3aLhNKY=,Yw77oyNU6HyoImV0XpuMyUQQAQ4=
155,159,HaEWKGLUdERtaJyq6ZYb3aLhNKY=,Yw77oyNU6HyoImV0XpuMyUQQAQ4=
158,158,HaEWKGLUdERtaJyq6ZYb3aLhNKY=,Yw77oyNU6HyoImV0XpuMyUQQAQ4=
154,159,HaEWKGLUdERtaJyq6ZYb3aLhNKY=,Yw77oyNU6HyoImV0XpuMyUQQAQ4=
151,154,HaEWKGLUdERtaJyq6ZYb3aLhNKY=,VWXAf1uHV2v2Md60jiAU1mztLpU=
151,155,HaEWKGLUdERtaJyq6ZYb3aLhNKY=,VWXAf1uHV2v2Md60jiAU1mztLpU=
